run,solve times
0,"[[ 0.        ]
 [46.83689809]
 [ 0.        ]
 [ 0.        ]
 [ 0.        ]
 [ 0.        ]]"
run,solve times
1,"[[ 0.        ]
 [40.02065301]
 [ 0.        ]
 [ 0.        ]
 [ 0.        ]
 [ 0.        ]]"
run,solve times
2,"[[ 0.        ]
 [59.24086499]
 [ 0.        ]
 [ 0.        ]
 [ 0.        ]
 [ 0.        ]]"
run,solve times
3,"[[ 0.        ]
 [53.83384705]
 [ 0.        ]
 [ 0.        ]
 [ 0.        ]
 [ 0.        ]]"
run,solve times
4,"[[ 0.        ]
 [55.39085698]
 [ 0.        ]
 [ 0.        ]
 [ 0.        ]
 [ 0.        ]]"
run,solve times
5,"[[ 0.        ]
 [38.49424195]
 [ 0.        ]
 [ 0.        ]
 [ 0.        ]
 [ 0.        ]]"
run,solve times
6,"[[ 0.        ]
 [70.05695295]
 [ 0.        ]
 [ 0.        ]
 [ 0.        ]
 [ 0.        ]]"
run,solve times
7,"[[ 0.        ]
 [69.08428311]
 [ 0.        ]
 [ 0.        ]
 [ 0.        ]
 [ 0.        ]]"
run,solve times
8,"[[ 0.        ]
 [69.07722998]
 [ 0.        ]
 [ 0.        ]
 [ 0.        ]
 [ 0.        ]]"
run,solve times
9,"[[ 0.        ]
 [78.33172607]
 [ 0.        ]
 [ 0.        ]
 [ 0.        ]
 [ 0.        ]]"
run,solve times
10,"[[ 0.        ]
 [64.05992699]
 [ 0.        ]
 [ 0.        ]
 [ 0.        ]
 [ 0.        ]]"
run,solve times
11,"[[ 0.        ]
 [58.21348405]
 [ 0.        ]
 [ 0.        ]
 [ 0.        ]
 [ 0.        ]]"
run,solve times
12,"[[ 0.        ]
 [52.51499915]
 [ 0.        ]
 [ 0.        ]
 [ 0.        ]
 [ 0.        ]]"
run,solve times
13,"[[ 0.       ]
 [49.2469089]
 [ 0.       ]
 [ 0.       ]
 [ 0.       ]
 [ 0.       ]]"
run,solve times
14,"[[ 0.        ]
 [42.31222892]
 [ 0.        ]
 [ 0.        ]
 [ 0.        ]
 [ 0.        ]]"
run,solve times
15,"[[ 0.        ]
 [71.47431707]
 [ 0.        ]
 [ 0.        ]
 [ 0.        ]
 [ 0.        ]]"
run,solve times
16,"[[ 0.        ]
 [62.33280516]
 [ 0.        ]
 [ 0.        ]
 [ 0.        ]
 [ 0.        ]]"
run,solve times
17,"[[ 0.        ]
 [53.82856393]
 [ 0.        ]
 [ 0.        ]
 [ 0.        ]
 [ 0.        ]]"
run,solve times
18,"[[  0.       ]
 [164.1561501]
 [  0.       ]
 [  0.       ]
 [  0.       ]
 [  0.       ]]"
run,solve times
19,"[[ 0.      ]
 [41.300699]
 [ 0.      ]
 [ 0.      ]
 [ 0.      ]
 [ 0.      ]]"
run,solve times
20,"[[ 0.        ]
 [51.40173411]
 [ 0.        ]
 [ 0.        ]
 [ 0.        ]
 [ 0.        ]]"
run,solve times
21,"[[ 0.        ]
 [49.44881892]
 [ 0.        ]
 [ 0.        ]
 [ 0.        ]
 [ 0.        ]]"
run,solve times
22,"[[ 0.        ]
 [61.17358303]
 [ 0.        ]
 [ 0.        ]
 [ 0.        ]
 [ 0.        ]]"
run,solve times
23,"[[ 0.        ]
 [52.67680001]
 [ 0.        ]
 [ 0.        ]
 [ 0.        ]
 [ 0.        ]]"
run,solve times
24,"[[ 0.        ]
 [61.19647312]
 [ 0.        ]
 [ 0.        ]
 [ 0.        ]
 [ 0.        ]]"
run,solve times
25,"[[ 0.      ]
 [73.585886]
 [ 0.      ]
 [ 0.      ]
 [ 0.      ]
 [ 0.      ]]"
run,solve times
26,"[[ 0.        ]
 [69.00092816]
 [ 0.        ]
 [ 0.        ]
 [ 0.        ]
 [ 0.        ]]"
run,solve times
27,"[[ 0.        ]
 [90.63108706]
 [ 0.        ]
 [ 0.        ]
 [ 0.        ]
 [ 0.        ]]"
run,solve times
28,"[[ 0.        ]
 [56.55710411]
 [ 0.        ]
 [ 0.        ]
 [ 0.        ]
 [ 0.        ]]"
run,solve times
29,"[[ 0.       ]
 [66.9113431]
 [ 0.       ]
 [ 0.       ]
 [ 0.       ]
 [ 0.       ]]"
run,solve times
30,"[[ 0.        ]
 [56.21526885]
 [ 0.        ]
 [ 0.        ]
 [ 0.        ]
 [ 0.        ]]"
run,solve times
31,"[[ 0.        ]
 [54.12120891]
 [ 0.        ]
 [ 0.        ]
 [ 0.        ]
 [ 0.        ]]"
run,solve times
32,"[[ 0.        ]
 [59.09674191]
 [ 0.        ]
 [ 0.        ]
 [ 0.        ]
 [ 0.        ]]"
run,solve times
33,"[[ 0.        ]
 [64.41585302]
 [ 0.        ]
 [ 0.        ]
 [ 0.        ]
 [ 0.        ]]"
run,solve times
34,"[[ 0.        ]
 [74.19737697]
 [ 0.        ]
 [ 0.        ]
 [ 0.        ]
 [ 0.        ]]"
run,solve times
35,"[[ 0.        ]
 [76.63467503]
 [ 0.        ]
 [ 0.        ]
 [ 0.        ]
 [ 0.        ]]"
run,solve times
36,"[[ 0.        ]
 [80.13013315]
 [ 0.        ]
 [ 0.        ]
 [ 0.        ]
 [ 0.        ]]"
run,solve times
37,"[[ 0.        ]
 [59.32800293]
 [ 0.        ]
 [ 0.        ]
 [ 0.        ]
 [ 0.        ]]"
run,solve times
38,"[[ 0.        ]
 [63.06792808]
 [ 0.        ]
 [ 0.        ]
 [ 0.        ]
 [ 0.        ]]"
run,solve times
39,"[[ 0.        ]
 [75.96600914]
 [ 0.        ]
 [ 0.        ]
 [ 0.        ]
 [ 0.        ]]"
run,solve times
40,"[[ 0.        ]
 [58.16569304]
 [ 0.        ]
 [ 0.        ]
 [ 0.        ]
 [ 0.        ]]"
run,solve times
41,"[[ 0.        ]
 [56.83498597]
 [ 0.        ]
 [ 0.        ]
 [ 0.        ]
 [ 0.        ]]"
run,solve times
42,"[[ 0.        ]
 [66.58858085]
 [ 0.        ]
 [ 0.        ]
 [ 0.        ]
 [ 0.        ]]"
run,solve times
43,"[[ 0.        ]
 [52.78483796]
 [ 0.        ]
 [ 0.        ]
 [ 0.        ]
 [ 0.        ]]"
run,solve times
44,"[[ 0.        ]
 [48.44197321]
 [ 0.        ]
 [ 0.        ]
 [ 0.        ]
 [ 0.        ]]"
run,solve times
45,"[[ 0.        ]
 [73.05135202]
 [ 0.        ]
 [ 0.        ]
 [ 0.        ]
 [ 0.        ]]"
run,solve times
46,"[[ 0.        ]
 [58.96779299]
 [ 0.        ]
 [ 0.        ]
 [ 0.        ]
 [ 0.        ]]"
run,solve times
47,"[[ 0.        ]
 [74.59464002]
 [ 0.        ]
 [ 0.        ]
 [ 0.        ]
 [ 0.        ]]"
run,solve times
48,"[[ 0.        ]
 [57.89810205]
 [ 0.        ]
 [ 0.        ]
 [ 0.        ]
 [ 0.        ]]"
run,solve times
49,"[[ 0.        ]
 [52.98702979]
 [ 0.        ]
 [ 0.        ]
 [ 0.        ]
 [ 0.        ]]"
run,solve times
50,"[[ 0.        ]
 [83.62350082]
 [ 0.        ]
 [ 0.        ]
 [ 0.        ]
 [ 0.        ]]"
run,solve times
51,"[[ 0.        ]
 [75.73292589]
 [ 0.        ]
 [ 0.        ]
 [ 0.        ]
 [ 0.        ]]"
run,solve times
52,"[[ 0.        ]
 [55.70337319]
 [ 0.        ]
 [ 0.        ]
 [ 0.        ]
 [ 0.        ]]"
run,solve times
53,"[[ 0.        ]
 [63.60514998]
 [ 0.        ]
 [ 0.        ]
 [ 0.        ]
 [ 0.        ]]"
run,solve times
54,"[[ 0.        ]
 [85.81562209]
 [ 0.        ]
 [ 0.        ]
 [ 0.        ]
 [ 0.        ]]"
run,solve times
55,"[[ 0.        ]
 [72.04119205]
 [ 0.        ]
 [ 0.        ]
 [ 0.        ]
 [ 0.        ]]"
run,solve times
56,"[[ 0.        ]
 [85.12700891]
 [ 0.        ]
 [ 0.        ]
 [ 0.        ]
 [ 0.        ]]"
run,solve times
57,"[[ 0.        ]
 [48.48383904]
 [ 0.        ]
 [ 0.        ]
 [ 0.        ]
 [ 0.        ]]"
run,solve times
58,"[[ 0.       ]
 [72.4894309]
 [ 0.       ]
 [ 0.       ]
 [ 0.       ]
 [ 0.       ]]"
run,solve times
59,"[[ 0.        ]
 [62.31138301]
 [ 0.        ]
 [ 0.        ]
 [ 0.        ]
 [ 0.        ]]"
run,solve times
60,"[[ 0.        ]
 [70.72768402]
 [ 0.        ]
 [ 0.        ]
 [ 0.        ]
 [ 0.        ]]"
run,solve times
61,"[[ 0.        ]
 [56.54790711]
 [ 0.        ]
 [ 0.        ]
 [ 0.        ]
 [ 0.        ]]"
run,solve times
62,"[[ 0.        ]
 [74.27001786]
 [ 0.        ]
 [ 0.        ]
 [ 0.        ]
 [ 0.        ]]"
run,solve times
63,"[[ 0.        ]
 [63.17831492]
 [ 0.        ]
 [ 0.        ]
 [ 0.        ]
 [ 0.        ]]"
run,solve times
64,"[[ 0.        ]
 [47.67066193]
 [ 0.        ]
 [ 0.        ]
 [ 0.        ]
 [ 0.        ]]"
run,solve times
65,"[[ 0.      ]
 [75.272825]
 [ 0.      ]
 [ 0.      ]
 [ 0.      ]
 [ 0.      ]]"
run,solve times
66,"[[ 0.        ]
 [56.32964587]
 [ 0.        ]
 [ 0.        ]
 [ 0.        ]
 [ 0.        ]]"
run,solve times
67,"[[ 0.     ]
 [59.68697]
 [ 0.     ]
 [ 0.     ]
 [ 0.     ]
 [ 0.     ]]"
run,solve times
68,"[[ 0.        ]
 [74.13125205]
 [ 0.        ]
 [ 0.        ]
 [ 0.        ]
 [ 0.        ]]"
run,solve times
69,"[[ 0.        ]
 [83.14544892]
 [ 0.        ]
 [ 0.        ]
 [ 0.        ]
 [ 0.        ]]"
run,solve times
70,"[[ 0.        ]
 [76.01865101]
 [ 0.        ]
 [ 0.        ]
 [ 0.        ]
 [ 0.        ]]"
run,solve times
71,"[[ 0.        ]
 [68.49797201]
 [ 0.        ]
 [ 0.        ]
 [ 0.        ]
 [ 0.        ]]"
run,solve times
72,"[[ 0.        ]
 [63.92446017]
 [ 0.        ]
 [ 0.        ]
 [ 0.        ]
 [ 0.        ]]"
run,solve times
73,"[[ 0.        ]
 [50.52045894]
 [ 0.        ]
 [ 0.        ]
 [ 0.        ]
 [ 0.        ]]"
run,solve times
74,"[[ 0.        ]
 [49.67754507]
 [ 0.        ]
 [ 0.        ]
 [ 0.        ]
 [ 0.        ]]"
run,solve times
75,"[[ 0.        ]
 [53.22016406]
 [ 0.        ]
 [ 0.        ]
 [ 0.        ]
 [ 0.        ]]"
run,solve times
76,"[[ 0.        ]
 [69.94995618]
 [ 0.        ]
 [ 0.        ]
 [ 0.        ]
 [ 0.        ]]"
run,solve times
77,"[[ 0.        ]
 [66.06667614]
 [ 0.        ]
 [ 0.        ]
 [ 0.        ]
 [ 0.        ]]"
run,solve times
78,"[[ 0.        ]
 [42.78060722]
 [ 0.        ]
 [ 0.        ]
 [ 0.        ]
 [ 0.        ]]"
run,solve times
79,"[[ 0.        ]
 [43.29481506]
 [ 0.        ]
 [ 0.        ]
 [ 0.        ]
 [ 0.        ]]"
run,solve times
80,"[[ 0.        ]
 [64.04092097]
 [ 0.        ]
 [ 0.        ]
 [ 0.        ]
 [ 0.        ]]"
run,solve times
81,"[[ 0.        ]
 [82.52308202]
 [ 0.        ]
 [ 0.        ]
 [ 0.        ]
 [ 0.        ]]"
run,solve times
82,"[[ 0.      ]
 [74.187953]
 [ 0.      ]
 [ 0.      ]
 [ 0.      ]
 [ 0.      ]]"
run,solve times
83,"[[ 0.        ]
 [57.72891092]
 [ 0.        ]
 [ 0.        ]
 [ 0.        ]
 [ 0.        ]]"
run,solve times
84,"[[ 0.        ]
 [55.95163488]
 [ 0.        ]
 [ 0.        ]
 [ 0.        ]
 [ 0.        ]]"
run,solve times
85,"[[ 0.        ]
 [63.73540115]
 [ 0.        ]
 [ 0.        ]
 [ 0.        ]
 [ 0.        ]]"
run,solve times
86,"[[ 0.        ]
 [71.48603988]
 [ 0.        ]
 [ 0.        ]
 [ 0.        ]
 [ 0.        ]]"
run,solve times
87,"[[ 0.        ]
 [66.63193893]
 [ 0.        ]
 [ 0.        ]
 [ 0.        ]
 [ 0.        ]]"
run,solve times
88,"[[ 0.        ]
 [54.48000693]
 [ 0.        ]
 [ 0.        ]
 [ 0.        ]
 [ 0.        ]]"
run,solve times
89,"[[ 0.        ]
 [59.10803914]
 [ 0.        ]
 [ 0.        ]
 [ 0.        ]
 [ 0.        ]]"
run,solve times
90,"[[ 0.        ]
 [52.03411603]
 [ 0.        ]
 [ 0.        ]
 [ 0.        ]
 [ 0.        ]]"
run,solve times
91,"[[ 0.        ]
 [43.43571687]
 [ 0.        ]
 [ 0.        ]
 [ 0.        ]
 [ 0.        ]]"
run,solve times
92,"[[ 0.        ]
 [63.78346014]
 [ 0.        ]
 [ 0.        ]
 [ 0.        ]
 [ 0.        ]]"
run,solve times
93,"[[ 0.        ]
 [82.55259204]
 [ 0.        ]
 [ 0.        ]
 [ 0.        ]
 [ 0.        ]]"
run,solve times
94,"[[ 0.        ]
 [80.50746202]
 [ 0.        ]
 [ 0.        ]
 [ 0.        ]
 [ 0.        ]]"
run,solve times
95,"[[ 0.        ]
 [43.58075404]
 [ 0.        ]
 [ 0.        ]
 [ 0.        ]
 [ 0.        ]]"
run,solve times
96,"[[ 0.        ]
 [43.29620981]
 [ 0.        ]
 [ 0.        ]
 [ 0.        ]
 [ 0.        ]]"
run,solve times
97,"[[ 0.        ]
 [65.89659905]
 [ 0.        ]
 [ 0.        ]
 [ 0.        ]
 [ 0.        ]]"
run,solve times
98,"[[ 0.        ]
 [40.13065791]
 [ 0.        ]
 [ 0.        ]
 [ 0.        ]
 [ 0.        ]]"
run,solve times
99,"[[ 0.        ]
 [52.10595703]
 [ 0.        ]
 [ 0.        ]
 [ 0.        ]
 [ 0.        ]]"
run,solve times
0,"[[ 0.        ]
 [52.39242601]
 [ 0.        ]
 [ 0.        ]
 [ 0.        ]
 [ 0.        ]]"
run,solve times
1,"[[ 0.        ]
 [75.32709599]
 [ 0.        ]
 [ 0.        ]
 [ 0.        ]
 [ 0.        ]]"
run,solve times
2,"[[ 0.        ]
 [84.86805987]
 [ 0.        ]
 [ 0.        ]
 [ 0.        ]
 [ 0.        ]]"
run,solve times
3,"[[  0.        ]
 [100.45674801]
 [  0.        ]
 [  0.        ]
 [  0.        ]
 [  0.        ]]"
run,solve times
4,"[[ 0.        ]
 [81.78874302]
 [ 0.        ]
 [ 0.        ]
 [ 0.        ]
 [ 0.        ]]"
run,solve times
5,"[[ 0.        ]
 [93.92202616]
 [ 0.        ]
 [ 0.        ]
 [ 0.        ]
 [ 0.        ]]"
run,solve times
6,"[[ 0.        ]
 [72.03521204]
 [ 0.        ]
 [ 0.        ]
 [ 0.        ]
 [ 0.        ]]"
run,solve times
7,"[[ 0.       ]
 [66.0865171]
 [ 0.       ]
 [ 0.       ]
 [ 0.       ]
 [ 0.       ]]"
run,solve times
8,"[[ 0.        ]
 [40.18478298]
 [ 0.        ]
 [ 0.        ]
 [ 0.        ]
 [ 0.        ]]"
run,solve times
9,"[[ 0.        ]
 [80.21805406]
 [ 0.        ]
 [ 0.        ]
 [ 0.        ]
 [ 0.        ]]"
run,solve times
10,"[[  0.        ]
 [108.45516014]
 [  0.        ]
 [  0.        ]
 [  0.        ]
 [  0.        ]]"
run,solve times
11,"[[ 0.        ]
 [57.77549601]
 [ 0.        ]
 [ 0.        ]
 [ 0.        ]
 [ 0.        ]]"
run,solve times
12,"[[ 0.        ]
 [70.52386093]
 [ 0.        ]
 [ 0.        ]
 [ 0.        ]
 [ 0.        ]]"
run,solve times
13,"[[ 0.      ]
 [45.383214]
 [ 0.      ]
 [ 0.      ]
 [ 0.      ]
 [ 0.      ]]"
run,solve times
14,"[[ 0.        ]
 [48.23449492]
 [ 0.        ]
 [ 0.        ]
 [ 0.        ]
 [ 0.        ]]"
run,solve times
15,"[[ 0.        ]
 [91.97494793]
 [ 0.        ]
 [ 0.        ]
 [ 0.        ]
 [ 0.        ]]"
run,solve times
16,"[[ 0.        ]
 [60.80107808]
 [ 0.        ]
 [ 0.        ]
 [ 0.        ]
 [ 0.        ]]"
run,solve times
17,"[[ 0.        ]
 [84.73983717]
 [ 0.        ]
 [ 0.        ]
 [ 0.        ]
 [ 0.        ]]"
run,solve times
18,"[[ 0.        ]
 [63.97953796]
 [ 0.        ]
 [ 0.        ]
 [ 0.        ]
 [ 0.        ]]"
run,solve times
19,"[[ 0.        ]
 [68.14888716]
 [ 0.        ]
 [ 0.        ]
 [ 0.        ]
 [ 0.        ]]"
run,solve times
20,"[[ 0.        ]
 [69.87557006]
 [ 0.        ]
 [ 0.        ]
 [ 0.        ]
 [ 0.        ]]"
run,solve times
21,"[[ 0.        ]
 [45.06893802]
 [ 0.        ]
 [ 0.        ]
 [ 0.        ]
 [ 0.        ]]"
run,solve times
22,"[[ 0.        ]
 [91.59610796]
 [ 0.        ]
 [ 0.        ]
 [ 0.        ]
 [ 0.        ]]"
run,solve times
23,"[[ 0.        ]
 [97.62188816]
 [ 0.        ]
 [ 0.        ]
 [ 0.        ]
 [ 0.        ]]"
run,solve times
24,"[[  0.       ]
 [113.1768229]
 [  0.       ]
 [  0.       ]
 [  0.       ]
 [  0.       ]]"
run,solve times
25,"[[ 0.        ]
 [93.15339613]
 [ 0.        ]
 [ 0.        ]
 [ 0.        ]
 [ 0.        ]]"
run,solve times
26,"[[ 0.        ]
 [85.41822696]
 [ 0.        ]
 [ 0.        ]
 [ 0.        ]
 [ 0.        ]]"
run,solve times
27,"[[ 0.        ]
 [70.60938406]
 [ 0.        ]
 [ 0.        ]
 [ 0.        ]
 [ 0.        ]]"
run,solve times
28,"[[ 0.        ]
 [55.22964001]
 [ 0.        ]
 [ 0.        ]
 [ 0.        ]
 [ 0.        ]]"
run,solve times
29,"[[ 0.        ]
 [93.55360198]
 [ 0.        ]
 [ 0.        ]
 [ 0.        ]
 [ 0.        ]]"
run,solve times
30,"[[ 0.        ]
 [88.76468706]
 [ 0.        ]
 [ 0.        ]
 [ 0.        ]
 [ 0.        ]]"
run,solve times
31,"[[ 0.        ]
 [83.30654597]
 [ 0.        ]
 [ 0.        ]
 [ 0.        ]
 [ 0.        ]]"
run,solve times
32,"[[ 0.        ]
 [86.95297384]
 [ 0.        ]
 [ 0.        ]
 [ 0.        ]
 [ 0.        ]]"
run,solve times
33,"[[ 0.        ]
 [57.00699306]
 [ 0.        ]
 [ 0.        ]
 [ 0.        ]
 [ 0.        ]]"
run,solve times
34,"[[ 0.        ]
 [61.37726498]
 [ 0.        ]
 [ 0.        ]
 [ 0.        ]
 [ 0.        ]]"
run,solve times
35,"[[ 0.        ]
 [80.73492718]
 [ 0.        ]
 [ 0.        ]
 [ 0.        ]
 [ 0.        ]]"
run,solve times
36,"[[  0.        ]
 [135.73839498]
 [  0.        ]
 [  0.        ]
 [  0.        ]
 [  0.        ]]"
run,solve times
37,"[[ 0.        ]
 [75.72465992]
 [ 0.        ]
 [ 0.        ]
 [ 0.        ]
 [ 0.        ]]"
run,solve times
38,"[[ 0.        ]
 [70.15982103]
 [ 0.        ]
 [ 0.        ]
 [ 0.        ]
 [ 0.        ]]"
run,solve times
39,"[[ 0.        ]
 [69.46923208]
 [ 0.        ]
 [ 0.        ]
 [ 0.        ]
 [ 0.        ]]"
run,solve times
40,"[[ 0.        ]
 [40.30699897]
 [ 0.        ]
 [ 0.        ]
 [ 0.        ]
 [ 0.        ]]"
run,solve times
41,"[[  0.        ]
 [117.16021395]
 [  0.        ]
 [  0.        ]
 [  0.        ]
 [  0.        ]]"
run,solve times
42,"[[ 0.        ]
 [64.47747684]
 [ 0.        ]
 [ 0.        ]
 [ 0.        ]
 [ 0.        ]]"
run,solve times
43,"[[ 0.        ]
 [61.70206404]
 [ 0.        ]
 [ 0.        ]
 [ 0.        ]
 [ 0.        ]]"
run,solve times
44,"[[ 0.        ]
 [50.20996404]
 [ 0.        ]
 [ 0.        ]
 [ 0.        ]
 [ 0.        ]]"
run,solve times
45,"[[ 0.        ]
 [64.47624707]
 [ 0.        ]
 [ 0.        ]
 [ 0.        ]
 [ 0.        ]]"
run,solve times
46,"[[ 0.        ]
 [69.78356218]
 [ 0.        ]
 [ 0.        ]
 [ 0.        ]
 [ 0.        ]]"
run,solve times
47,"[[  0.        ]
 [131.77213407]
 [  0.        ]
 [  0.        ]
 [  0.        ]
 [  0.        ]]"
run,solve times
48,"[[ 0.        ]
 [61.43528891]
 [ 0.        ]
 [ 0.        ]
 [ 0.        ]
 [ 0.        ]]"
run,solve times
49,"[[ 0.      ]
 [54.487082]
 [ 0.      ]
 [ 0.      ]
 [ 0.      ]
 [ 0.      ]]"
run,solve times
50,"[[ 0.        ]
 [78.39788008]
 [ 0.        ]
 [ 0.        ]
 [ 0.        ]
 [ 0.        ]]"
run,solve times
51,"[[ 0.        ]
 [79.70998192]
 [ 0.        ]
 [ 0.        ]
 [ 0.        ]
 [ 0.        ]]"
run,solve times
52,"[[ 0.        ]
 [55.89847112]
 [ 0.        ]
 [ 0.        ]
 [ 0.        ]
 [ 0.        ]]"
run,solve times
53,"[[ 0.        ]
 [74.54808903]
 [ 0.        ]
 [ 0.        ]
 [ 0.        ]
 [ 0.        ]]"
run,solve times
54,"[[ 0.        ]
 [83.39798212]
 [ 0.        ]
 [ 0.        ]
 [ 0.        ]
 [ 0.        ]]"
run,solve times
55,"[[  0.        ]
 [100.87278199]
 [  0.        ]
 [  0.        ]
 [  0.        ]
 [  0.        ]]"
run,solve times
56,"[[ 0.        ]
 [63.13159323]
 [ 0.        ]
 [ 0.        ]
 [ 0.        ]
 [ 0.        ]]"
run,solve times
57,"[[ 0.        ]
 [63.87495399]
 [ 0.        ]
 [ 0.        ]
 [ 0.        ]
 [ 0.        ]]"
run,solve times
58,"[[ 0.        ]
 [52.45304608]
 [ 0.        ]
 [ 0.        ]
 [ 0.        ]
 [ 0.        ]]"
run,solve times
59,"[[ 0.        ]
 [79.05732918]
 [ 0.        ]
 [ 0.        ]
 [ 0.        ]
 [ 0.        ]]"
run,solve times
60,"[[ 0.        ]
 [76.48746085]
 [ 0.        ]
 [ 0.        ]
 [ 0.        ]
 [ 0.        ]]"
run,solve times
61,"[[ 0.        ]
 [66.59260511]
 [ 0.        ]
 [ 0.        ]
 [ 0.        ]
 [ 0.        ]]"
run,solve times
62,"[[  0.        ]
 [115.23857999]
 [  0.        ]
 [  0.        ]
 [  0.        ]
 [  0.        ]]"
run,solve times
63,"[[  0.        ]
 [119.22968388]
 [  0.        ]
 [  0.        ]
 [  0.        ]
 [  0.        ]]"
run,solve times
64,"[[  0.        ]
 [111.83617616]
 [  0.        ]
 [  0.        ]
 [  0.        ]
 [  0.        ]]"
run,solve times
65,"[[ 0.        ]
 [77.40095806]
 [ 0.        ]
 [ 0.        ]
 [ 0.        ]
 [ 0.        ]]"
run,solve times
66,"[[ 0.        ]
 [60.31733704]
 [ 0.        ]
 [ 0.        ]
 [ 0.        ]
 [ 0.        ]]"
run,solve times
67,"[[ 0.        ]
 [73.18602395]
 [ 0.        ]
 [ 0.        ]
 [ 0.        ]
 [ 0.        ]]"
run,solve times
68,"[[ 0.        ]
 [65.10600996]
 [ 0.        ]
 [ 0.        ]
 [ 0.        ]
 [ 0.        ]]"
run,solve times
69,"[[ 0.        ]
 [61.55692291]
 [ 0.        ]
 [ 0.        ]
 [ 0.        ]
 [ 0.        ]]"
run,solve times
70,"[[ 0.        ]
 [82.65453482]
 [ 0.        ]
 [ 0.        ]
 [ 0.        ]
 [ 0.        ]]"
run,solve times
71,"[[ 0.       ]
 [77.1661489]
 [ 0.       ]
 [ 0.       ]
 [ 0.       ]
 [ 0.       ]]"
run,solve times
72,"[[ 0.      ]
 [53.050493]
 [ 0.      ]
 [ 0.      ]
 [ 0.      ]
 [ 0.      ]]"
run,solve times
73,"[[ 0.        ]
 [93.82340717]
 [ 0.        ]
 [ 0.        ]
 [ 0.        ]
 [ 0.        ]]"
run,solve times
74,"[[ 0.       ]
 [61.4344399]
 [ 0.       ]
 [ 0.       ]
 [ 0.       ]
 [ 0.       ]]"
run,solve times
75,"[[ 0.        ]
 [88.41125393]
 [ 0.        ]
 [ 0.        ]
 [ 0.        ]
 [ 0.        ]]"
run,solve times
76,"[[ 0.        ]
 [95.30022907]
 [ 0.        ]
 [ 0.        ]
 [ 0.        ]
 [ 0.        ]]"
run,solve times
77,"[[ 0.        ]
 [65.80815601]
 [ 0.        ]
 [ 0.        ]
 [ 0.        ]
 [ 0.        ]]"
run,solve times
78,"[[  0.        ]
 [114.54878402]
 [  0.        ]
 [  0.        ]
 [  0.        ]
 [  0.        ]]"
run,solve times
79,"[[ 0.        ]
 [57.56312108]
 [ 0.        ]
 [ 0.        ]
 [ 0.        ]
 [ 0.        ]]"
run,solve times
80,"[[ 0.        ]
 [97.00972605]
 [ 0.        ]
 [ 0.        ]
 [ 0.        ]
 [ 0.        ]]"
run,solve times
81,"[[ 0.        ]
 [63.27436304]
 [ 0.        ]
 [ 0.        ]
 [ 0.        ]
 [ 0.        ]]"
run,solve times
82,"[[ 0.        ]
 [74.61610818]
 [ 0.        ]
 [ 0.        ]
 [ 0.        ]
 [ 0.        ]]"
run,solve times
83,"[[ 0.       ]
 [66.7463119]
 [ 0.       ]
 [ 0.       ]
 [ 0.       ]
 [ 0.       ]]"
run,solve times
84,"[[ 0.        ]
 [68.91654897]
 [ 0.        ]
 [ 0.        ]
 [ 0.        ]
 [ 0.        ]]"
run,solve times
85,"[[ 0.        ]
 [71.89336109]
 [ 0.        ]
 [ 0.        ]
 [ 0.        ]
 [ 0.        ]]"
run,solve times
86,"[[ 0.        ]
 [68.56301117]
 [ 0.        ]
 [ 0.        ]
 [ 0.        ]
 [ 0.        ]]"
run,solve times
87,"[[ 0.        ]
 [75.30376887]
 [ 0.        ]
 [ 0.        ]
 [ 0.        ]
 [ 0.        ]]"
run,solve times
88,"[[ 0.       ]
 [45.7378521]
 [ 0.       ]
 [ 0.       ]
 [ 0.       ]
 [ 0.       ]]"
run,solve times
89,"[[ 0.        ]
 [70.39991593]
 [ 0.        ]
 [ 0.        ]
 [ 0.        ]
 [ 0.        ]]"
run,solve times
90,"[[  0.        ]
 [139.77388287]
 [  0.        ]
 [  0.        ]
 [  0.        ]
 [  0.        ]]"
run,solve times
91,"[[ 0.        ]
 [75.93406701]
 [ 0.        ]
 [ 0.        ]
 [ 0.        ]
 [ 0.        ]]"
run,solve times
92,"[[ 0.        ]
 [94.13764286]
 [ 0.        ]
 [ 0.        ]
 [ 0.        ]
 [ 0.        ]]"
run,solve times
93,"[[ 0.        ]
 [43.82888603]
 [ 0.        ]
 [ 0.        ]
 [ 0.        ]
 [ 0.        ]]"
run,solve times
94,"[[ 0.        ]
 [62.31150603]
 [ 0.        ]
 [ 0.        ]
 [ 0.        ]
 [ 0.        ]]"
run,solve times
95,"[[ 0.      ]
 [69.245821]
 [ 0.      ]
 [ 0.      ]
 [ 0.      ]
 [ 0.      ]]"
run,solve times
96,"[[ 0.       ]
 [71.4966259]
 [ 0.       ]
 [ 0.       ]
 [ 0.       ]
 [ 0.       ]]"
run,solve times
97,"[[ 0.        ]
 [41.72431993]
 [ 0.        ]
 [ 0.        ]
 [ 0.        ]
 [ 0.        ]]"
run,solve times
98,"[[ 0.        ]
 [66.51115894]
 [ 0.        ]
 [ 0.        ]
 [ 0.        ]
 [ 0.        ]]"
run,solve times
99,"[[ 0.        ]
 [63.45253396]
 [ 0.        ]
 [ 0.        ]
 [ 0.        ]
 [ 0.        ]]"
run,solve times
100,"[[ 0.        ]
 [46.64250112]
 [ 0.        ]
 [ 0.        ]
 [ 0.        ]
 [ 0.        ]]"
run,solve times
101,"[[ 0.        ]
 [49.06982684]
 [ 0.        ]
 [ 0.        ]
 [ 0.        ]
 [ 0.        ]]"
run,solve times
0,"[[ 0.        ]
 [42.65140891]
 [ 0.        ]
 [ 0.        ]
 [ 0.        ]
 [ 0.        ]]"
run,solve times
1,"[[ 0.        ]
 [59.96234393]
 [ 0.        ]
 [ 0.        ]
 [ 0.        ]
 [ 0.        ]]"
run,solve times
2,"[[ 0.        ]
 [67.49589014]
 [ 0.        ]
 [ 0.        ]
 [ 0.        ]
 [ 0.        ]]"
run,solve times
3,"[[ 0.        ]
 [84.80574298]
 [ 0.        ]
 [ 0.        ]
 [ 0.        ]
 [ 0.        ]]"
run,solve times
4,"[[ 0.        ]
 [63.86139202]
 [ 0.        ]
 [ 0.        ]
 [ 0.        ]
 [ 0.        ]]"
run,solve times
5,"[[ 0.        ]
 [56.25264406]
 [ 0.        ]
 [ 0.        ]
 [ 0.        ]
 [ 0.        ]]"
run,solve times
6,"[[ 0.        ]
 [79.37159705]
 [ 0.        ]
 [ 0.        ]
 [ 0.        ]
 [ 0.        ]]"
run,solve times
7,"[[ 0.        ]
 [61.45199203]
 [ 0.        ]
 [ 0.        ]
 [ 0.        ]
 [ 0.        ]]"
run,solve times
8,"[[ 0.        ]
 [54.91514111]
 [ 0.        ]
 [ 0.        ]
 [ 0.        ]
 [ 0.        ]]"
run,solve times
9,"[[ 0.        ]
 [56.31028199]
 [ 0.        ]
 [ 0.        ]
 [ 0.        ]
 [ 0.        ]]"
run,solve times
10,"[[ 0.        ]
 [50.95545912]
 [ 0.        ]
 [ 0.        ]
 [ 0.        ]
 [ 0.        ]]"
run,solve times
11,"[[ 0.       ]
 [43.6608398]
 [ 0.       ]
 [ 0.       ]
 [ 0.       ]
 [ 0.       ]]"
run,solve times
12,"[[ 0.        ]
 [49.64073396]
 [ 0.        ]
 [ 0.        ]
 [ 0.        ]
 [ 0.        ]]"
run,solve times
13,"[[ 0.        ]
 [44.09414411]
 [ 0.        ]
 [ 0.        ]
 [ 0.        ]
 [ 0.        ]]"
run,solve times
14,"[[ 0.        ]
 [65.80658007]
 [ 0.        ]
 [ 0.        ]
 [ 0.        ]
 [ 0.        ]]"
run,solve times
15,"[[ 0.        ]
 [47.24920893]
 [ 0.        ]
 [ 0.        ]
 [ 0.        ]
 [ 0.        ]]"
run,solve times
16,"[[ 0.        ]
 [49.94435287]
 [ 0.        ]
 [ 0.        ]
 [ 0.        ]
 [ 0.        ]]"
run,solve times
17,"[[ 0.       ]
 [42.6816361]
 [ 0.       ]
 [ 0.       ]
 [ 0.       ]
 [ 0.       ]]"
run,solve times
18,"[[ 0.        ]
 [45.86289811]
 [ 0.        ]
 [ 0.        ]
 [ 0.        ]
 [ 0.        ]]"
run,solve times
19,"[[ 0.        ]
 [62.42368817]
 [ 0.        ]
 [ 0.        ]
 [ 0.        ]
 [ 0.        ]]"
run,solve times
20,"[[ 0.        ]
 [47.13008308]
 [ 0.        ]
 [ 0.        ]
 [ 0.        ]
 [ 0.        ]]"
run,solve times
21,"[[ 0.        ]
 [53.01630306]
 [ 0.        ]
 [ 0.        ]
 [ 0.        ]
 [ 0.        ]]"
run,solve times
22,"[[  0.        ]
 [126.60237503]
 [  0.        ]
 [  0.        ]
 [  0.        ]
 [  0.        ]]"
run,solve times
23,"[[ 0.        ]
 [66.50048614]
 [ 0.        ]
 [ 0.        ]
 [ 0.        ]
 [ 0.        ]]"
run,solve times
24,"[[ 0.       ]
 [39.2998879]
 [ 0.       ]
 [ 0.       ]
 [ 0.       ]
 [ 0.       ]]"
run,solve times
25,"[[ 0.        ]
 [72.79313993]
 [ 0.        ]
 [ 0.        ]
 [ 0.        ]
 [ 0.        ]]"
run,solve times
26,"[[ 0.        ]
 [44.24358487]
 [ 0.        ]
 [ 0.        ]
 [ 0.        ]
 [ 0.        ]]"
run,solve times
27,"[[ 0.        ]
 [49.49937892]
 [ 0.        ]
 [ 0.        ]
 [ 0.        ]
 [ 0.        ]]"
run,solve times
28,"[[ 0.        ]
 [69.19324303]
 [ 0.        ]
 [ 0.        ]
 [ 0.        ]
 [ 0.        ]]"
run,solve times
29,"[[ 0.        ]
 [65.95623302]
 [ 0.        ]
 [ 0.        ]
 [ 0.        ]
 [ 0.        ]]"
run,solve times
30,"[[ 0.        ]
 [40.31433702]
 [ 0.        ]
 [ 0.        ]
 [ 0.        ]
 [ 0.        ]]"
run,solve times
31,"[[ 0.        ]
 [37.26315498]
 [ 0.        ]
 [ 0.        ]
 [ 0.        ]
 [ 0.        ]]"
run,solve times
32,"[[ 0.        ]
 [54.52443194]
 [ 0.        ]
 [ 0.        ]
 [ 0.        ]
 [ 0.        ]]"
run,solve times
33,"[[ 0.        ]
 [49.24425697]
 [ 0.        ]
 [ 0.        ]
 [ 0.        ]
 [ 0.        ]]"
run,solve times
34,"[[ 0.      ]
 [71.666857]
 [ 0.      ]
 [ 0.      ]
 [ 0.      ]
 [ 0.      ]]"
run,solve times
35,"[[ 0.        ]
 [59.65114498]
 [ 0.        ]
 [ 0.        ]
 [ 0.        ]
 [ 0.        ]]"
run,solve times
36,"[[ 0.        ]
 [79.44590306]
 [ 0.        ]
 [ 0.        ]
 [ 0.        ]
 [ 0.        ]]"
run,solve times
37,"[[ 0.        ]
 [70.46923399]
 [ 0.        ]
 [ 0.        ]
 [ 0.        ]
 [ 0.        ]]"
run,solve times
38,"[[  0.        ]
 [135.38250899]
 [  0.        ]
 [  0.        ]
 [  0.        ]
 [  0.        ]]"
run,solve times
0,"[[ 0.        ]
 [46.21931887]
 [ 0.        ]
 [ 0.        ]
 [ 0.        ]
 [ 0.        ]]"
run,solve times
0,"[[ 0.        ]
 [59.11659288]
 [ 0.        ]
 [ 0.        ]
 [ 0.        ]
 [ 0.        ]]"
run,solve times
1,"[[ 0.       ]
 [57.3796041]
 [ 0.       ]
 [ 0.       ]
 [ 0.       ]
 [ 0.       ]]"
run,solve times
2,"[[ 0.        ]
 [49.43517208]
 [ 0.        ]
 [ 0.        ]
 [ 0.        ]
 [ 0.        ]]"
run,solve times
3,"[[ 0.        ]
 [56.06553507]
 [ 0.        ]
 [ 0.        ]
 [ 0.        ]
 [ 0.        ]]"
run,solve times
4,"[[ 0.       ]
 [58.8674891]
 [ 0.       ]
 [ 0.       ]
 [ 0.       ]
 [ 0.       ]]"
run,solve times
5,"[[ 0.        ]
 [71.96778393]
 [ 0.        ]
 [ 0.        ]
 [ 0.        ]
 [ 0.        ]]"
run,solve times
6,"[[ 0.        ]
 [76.03884411]
 [ 0.        ]
 [ 0.        ]
 [ 0.        ]
 [ 0.        ]]"
run,solve times
7,"[[ 0.        ]
 [81.90383196]
 [ 0.        ]
 [ 0.        ]
 [ 0.        ]
 [ 0.        ]]"
run,solve times
8,"[[ 0.        ]
 [63.07823205]
 [ 0.        ]
 [ 0.        ]
 [ 0.        ]
 [ 0.        ]]"
run,solve times
9,"[[  0.        ]
 [162.60994697]
 [  0.        ]
 [  0.        ]
 [  0.        ]
 [  0.        ]]"
run,solve times
10,"[[ 0.        ]
 [89.21181107]
 [ 0.        ]
 [ 0.        ]
 [ 0.        ]
 [ 0.        ]]"
run,solve times
11,"[[ 0.        ]
 [80.90047693]
 [ 0.        ]
 [ 0.        ]
 [ 0.        ]
 [ 0.        ]]"
run,solve times
12,"[[  0.        ]
 [100.94894195]
 [  0.        ]
 [  0.        ]
 [  0.        ]
 [  0.        ]]"
run,solve times
13,"[[  0.        ]
 [114.76934385]
 [  0.        ]
 [  0.        ]
 [  0.        ]
 [  0.        ]]"
run,solve times
14,"[[ 0.        ]
 [82.51642013]
 [ 0.        ]
 [ 0.        ]
 [ 0.        ]
 [ 0.        ]]"
run,solve times
15,"[[ 0.        ]
 [93.72040915]
 [ 0.        ]
 [ 0.        ]
 [ 0.        ]
 [ 0.        ]]"
run,solve times
16,"[[ 0.       ]
 [62.1429441]
 [ 0.       ]
 [ 0.       ]
 [ 0.       ]
 [ 0.       ]]"
run,solve times
17,"[[ 0.      ]
 [57.944381]
 [ 0.      ]
 [ 0.      ]
 [ 0.      ]
 [ 0.      ]]"
run,solve times
18,"[[ 0.        ]
 [85.65752602]
 [ 0.        ]
 [ 0.        ]
 [ 0.        ]
 [ 0.        ]]"
run,solve times
19,"[[ 0.       ]
 [70.0441761]
 [ 0.       ]
 [ 0.       ]
 [ 0.       ]
 [ 0.       ]]"
run,solve times
20,"[[ 0.        ]
 [68.35513401]
 [ 0.        ]
 [ 0.        ]
 [ 0.        ]
 [ 0.        ]]"
run,solve times
21,"[[ 0.       ]
 [59.4845829]
 [ 0.       ]
 [ 0.       ]
 [ 0.       ]
 [ 0.       ]]"
run,solve times
22,"[[ 0.        ]
 [62.81760311]
 [ 0.        ]
 [ 0.        ]
 [ 0.        ]
 [ 0.        ]]"
run,solve times
23,"[[ 0.        ]
 [44.18180108]
 [ 0.        ]
 [ 0.        ]
 [ 0.        ]
 [ 0.        ]]"
run,solve times
24,"[[ 0.        ]
 [86.76035905]
 [ 0.        ]
 [ 0.        ]
 [ 0.        ]
 [ 0.        ]]"
run,solve times
25,"[[ 0.        ]
 [58.81552005]
 [ 0.        ]
 [ 0.        ]
 [ 0.        ]
 [ 0.        ]]"
run,solve times
26,"[[ 0.       ]
 [81.3159771]
 [ 0.       ]
 [ 0.       ]
 [ 0.       ]
 [ 0.       ]]"
run,solve times
27,"[[  0.        ]
 [444.13863611]
 [  0.        ]
 [  0.        ]
 [  0.        ]
 [  0.        ]]"
run,solve times
28,"[[ 0.        ]
 [63.14899397]
 [ 0.        ]
 [ 0.        ]
 [ 0.        ]
 [ 0.        ]]"
run,solve times
29,"[[ 0.        ]
 [56.98868799]
 [ 0.        ]
 [ 0.        ]
 [ 0.        ]
 [ 0.        ]]"
run,solve times
30,"[[ 0.        ]
 [44.97566605]
 [ 0.        ]
 [ 0.        ]
 [ 0.        ]
 [ 0.        ]]"
run,solve times
31,"[[ 0.        ]
 [53.36415815]
 [ 0.        ]
 [ 0.        ]
 [ 0.        ]
 [ 0.        ]]"
run,solve times
32,"[[ 0.        ]
 [47.10942888]
 [ 0.        ]
 [ 0.        ]
 [ 0.        ]
 [ 0.        ]]"
run,solve times
33,"[[ 0.        ]
 [64.80935121]
 [ 0.        ]
 [ 0.        ]
 [ 0.        ]
 [ 0.        ]]"
run,solve times
34,"[[ 0.        ]
 [57.58784604]
 [ 0.        ]
 [ 0.        ]
 [ 0.        ]
 [ 0.        ]]"
run,solve times
35,"[[ 0.       ]
 [50.4308331]
 [ 0.       ]
 [ 0.       ]
 [ 0.       ]
 [ 0.       ]]"
run,solve times
36,"[[ 0.        ]
 [59.54119682]
 [ 0.        ]
 [ 0.        ]
 [ 0.        ]
 [ 0.        ]]"
run,solve times
37,"[[ 0.       ]
 [34.9704349]
 [ 0.       ]
 [ 0.       ]
 [ 0.       ]
 [ 0.       ]]"
run,solve times
0,"[[ 0.        ]
 [55.07229185]
 [ 0.        ]
 [ 0.        ]
 [ 0.        ]
 [ 0.        ]]"
run,solve times
1,"[[ 0.        ]
 [99.14828992]
 [ 0.        ]
 [ 0.        ]
 [ 0.        ]
 [ 0.        ]]"
run,solve times
2,"[[ 0.        ]
 [61.38882995]
 [ 0.        ]
 [ 0.        ]
 [ 0.        ]
 [ 0.        ]]"
run,solve times
3,"[[ 0.        ]
 [47.59482288]
 [ 0.        ]
 [ 0.        ]
 [ 0.        ]
 [ 0.        ]]"
run,solve times
4,"[[ 0.        ]
 [56.74765015]
 [ 0.        ]
 [ 0.        ]
 [ 0.        ]
 [ 0.        ]]"
run,solve times
5,"[[ 0.        ]
 [37.82547116]
 [ 0.        ]
 [ 0.        ]
 [ 0.        ]
 [ 0.        ]]"
run,solve times
6,"[[ 0.        ]
 [72.33756304]
 [ 0.        ]
 [ 0.        ]
 [ 0.        ]
 [ 0.        ]]"
run,solve times
7,"[[ 0.        ]
 [48.08451009]
 [ 0.        ]
 [ 0.        ]
 [ 0.        ]
 [ 0.        ]]"
run,solve times
8,"[[ 0.        ]
 [47.86154222]
 [ 0.        ]
 [ 0.        ]
 [ 0.        ]
 [ 0.        ]]"
run,solve times
9,"[[ 0.        ]
 [52.59028387]
 [ 0.        ]
 [ 0.        ]
 [ 0.        ]
 [ 0.        ]]"
run,solve times
10,"[[ 0.        ]
 [56.21135902]
 [ 0.        ]
 [ 0.        ]
 [ 0.        ]
 [ 0.        ]]"
run,solve times
11,"[[ 0.        ]
 [36.97093606]
 [ 0.        ]
 [ 0.        ]
 [ 0.        ]
 [ 0.        ]]"
run,solve times
12,"[[ 0.        ]
 [57.92798591]
 [ 0.        ]
 [ 0.        ]
 [ 0.        ]
 [ 0.        ]]"
run,solve times
13,"[[ 0.        ]
 [47.87284899]
 [ 0.        ]
 [ 0.        ]
 [ 0.        ]
 [ 0.        ]]"
run,solve times
14,"[[ 0.        ]
 [41.70887089]
 [ 0.        ]
 [ 0.        ]
 [ 0.        ]
 [ 0.        ]]"
run,solve times
15,"[[ 0.        ]
 [48.39047098]
 [ 0.        ]
 [ 0.        ]
 [ 0.        ]
 [ 0.        ]]"
run,solve times
16,"[[ 0.        ]
 [44.52211094]
 [ 0.        ]
 [ 0.        ]
 [ 0.        ]
 [ 0.        ]]"
run,solve times
17,"[[ 0.        ]
 [46.38988519]
 [ 0.        ]
 [ 0.        ]
 [ 0.        ]
 [ 0.        ]]"
run,solve times
18,"[[ 0.        ]
 [71.05745006]
 [ 0.        ]
 [ 0.        ]
 [ 0.        ]
 [ 0.        ]]"
run,solve times
19,"[[ 0.        ]
 [67.32083488]
 [ 0.        ]
 [ 0.        ]
 [ 0.        ]
 [ 0.        ]]"
run,solve times
20,"[[ 0.        ]
 [43.19411898]
 [ 0.        ]
 [ 0.        ]
 [ 0.        ]
 [ 0.        ]]"
run,solve times
21,"[[ 0.        ]
 [41.58453894]
 [ 0.        ]
 [ 0.        ]
 [ 0.        ]
 [ 0.        ]]"
run,solve times
22,"[[ 0.        ]
 [45.55451488]
 [ 0.        ]
 [ 0.        ]
 [ 0.        ]
 [ 0.        ]]"
run,solve times
23,"[[ 0.        ]
 [52.83221793]
 [ 0.        ]
 [ 0.        ]
 [ 0.        ]
 [ 0.        ]]"
run,solve times
24,"[[ 0.        ]
 [61.31442308]
 [ 0.        ]
 [ 0.        ]
 [ 0.        ]
 [ 0.        ]]"
run,solve times
25,"[[ 0.        ]
 [44.13427496]
 [ 0.        ]
 [ 0.        ]
 [ 0.        ]
 [ 0.        ]]"
run,solve times
26,"[[ 0.        ]
 [60.19919109]
 [ 0.        ]
 [ 0.        ]
 [ 0.        ]
 [ 0.        ]]"
run,solve times
27,"[[ 0.        ]
 [49.98664618]
 [ 0.        ]
 [ 0.        ]
 [ 0.        ]
 [ 0.        ]]"
run,solve times
28,"[[ 0.        ]
 [53.24854183]
 [ 0.        ]
 [ 0.        ]
 [ 0.        ]
 [ 0.        ]]"
run,solve times
29,"[[ 0.        ]
 [87.77690005]
 [ 0.        ]
 [ 0.        ]
 [ 0.        ]
 [ 0.        ]]"
run,solve times
30,"[[ 0.        ]
 [51.84780622]
 [ 0.        ]
 [ 0.        ]
 [ 0.        ]
 [ 0.        ]]"
run,solve times
31,"[[ 0.        ]
 [49.86008096]
 [ 0.        ]
 [ 0.        ]
 [ 0.        ]
 [ 0.        ]]"
run,solve times
32,"[[ 0.        ]
 [75.81030202]
 [ 0.        ]
 [ 0.        ]
 [ 0.        ]
 [ 0.        ]]"
run,solve times
33,"[[ 0.        ]
 [83.61830401]
 [ 0.        ]
 [ 0.        ]
 [ 0.        ]
 [ 0.        ]]"
run,solve times
34,"[[ 0.        ]
 [52.76090503]
 [ 0.        ]
 [ 0.        ]
 [ 0.        ]
 [ 0.        ]]"
run,solve times
35,"[[ 0.        ]
 [50.22834802]
 [ 0.        ]
 [ 0.        ]
 [ 0.        ]
 [ 0.        ]]"
run,solve times
36,"[[ 0.        ]
 [60.71675205]
 [ 0.        ]
 [ 0.        ]
 [ 0.        ]
 [ 0.        ]]"
run,solve times
37,"[[ 0.        ]
 [46.72774601]
 [ 0.        ]
 [ 0.        ]
 [ 0.        ]
 [ 0.        ]]"
run,solve times
38,"[[ 0.        ]
 [66.71997905]
 [ 0.        ]
 [ 0.        ]
 [ 0.        ]
 [ 0.        ]]"
run,solve times
39,"[[ 0.        ]
 [61.81143904]
 [ 0.        ]
 [ 0.        ]
 [ 0.        ]
 [ 0.        ]]"
run,solve times
40,"[[ 0.        ]
 [52.72596192]
 [ 0.        ]
 [ 0.        ]
 [ 0.        ]
 [ 0.        ]]"
run,solve times
41,"[[ 0.        ]
 [67.98863983]
 [ 0.        ]
 [ 0.        ]
 [ 0.        ]
 [ 0.        ]]"
run,solve times
42,"[[ 0.        ]
 [53.74628711]
 [ 0.        ]
 [ 0.        ]
 [ 0.        ]
 [ 0.        ]]"
run,solve times
43,"[[ 0.        ]
 [61.53934193]
 [ 0.        ]
 [ 0.        ]
 [ 0.        ]
 [ 0.        ]]"
run,solve times
44,"[[ 0.        ]
 [58.70240784]
 [ 0.        ]
 [ 0.        ]
 [ 0.        ]
 [ 0.        ]]"
run,solve times
45,"[[ 0.        ]
 [73.11615491]
 [ 0.        ]
 [ 0.        ]
 [ 0.        ]
 [ 0.        ]]"
run,solve times
46,"[[ 0.      ]
 [54.972965]
 [ 0.      ]
 [ 0.      ]
 [ 0.      ]
 [ 0.      ]]"
run,solve times
47,"[[ 0.        ]
 [45.85983491]
 [ 0.        ]
 [ 0.        ]
 [ 0.        ]
 [ 0.        ]]"
run,solve times
48,"[[ 0.        ]
 [38.39540482]
 [ 0.        ]
 [ 0.        ]
 [ 0.        ]
 [ 0.        ]]"
run,solve times
49,"[[ 0.        ]
 [86.68981194]
 [ 0.        ]
 [ 0.        ]
 [ 0.        ]
 [ 0.        ]]"
run,solve times
50,"[[ 0.        ]
 [72.45910478]
 [ 0.        ]
 [ 0.        ]
 [ 0.        ]
 [ 0.        ]]"
run,solve times
51,"[[ 0.        ]
 [44.33649087]
 [ 0.        ]
 [ 0.        ]
 [ 0.        ]
 [ 0.        ]]"
run,solve times
52,"[[ 0.        ]
 [62.17040992]
 [ 0.        ]
 [ 0.        ]
 [ 0.        ]
 [ 0.        ]]"
run,solve times
53,"[[ 0.        ]
 [60.07325602]
 [ 0.        ]
 [ 0.        ]
 [ 0.        ]
 [ 0.        ]]"
run,solve times
54,"[[ 0.      ]
 [44.318887]
 [ 0.      ]
 [ 0.      ]
 [ 0.      ]
 [ 0.      ]]"
run,solve times
55,"[[ 0.        ]
 [56.67434716]
 [ 0.        ]
 [ 0.        ]
 [ 0.        ]
 [ 0.        ]]"
run,solve times
56,"[[ 0.       ]
 [71.7738719]
 [ 0.       ]
 [ 0.       ]
 [ 0.       ]
 [ 0.       ]]"
run,solve times
57,"[[ 0.        ]
 [55.62800503]
 [ 0.        ]
 [ 0.        ]
 [ 0.        ]
 [ 0.        ]]"
run,solve times
58,"[[ 0.        ]
 [69.40716481]
 [ 0.        ]
 [ 0.        ]
 [ 0.        ]
 [ 0.        ]]"
run,solve times
59,"[[ 0.        ]
 [41.10344601]
 [ 0.        ]
 [ 0.        ]
 [ 0.        ]
 [ 0.        ]]"
run,solve times
60,"[[ 0.        ]
 [41.53393388]
 [ 0.        ]
 [ 0.        ]
 [ 0.        ]
 [ 0.        ]]"
run,solve times
61,"[[ 0.        ]
 [62.75703406]
 [ 0.        ]
 [ 0.        ]
 [ 0.        ]
 [ 0.        ]]"
run,solve times
62,"[[ 0.        ]
 [65.55703592]
 [ 0.        ]
 [ 0.        ]
 [ 0.        ]
 [ 0.        ]]"
run,solve times
63,"[[ 0.        ]
 [63.91782498]
 [ 0.        ]
 [ 0.        ]
 [ 0.        ]
 [ 0.        ]]"
run,solve times
64,"[[ 0.        ]
 [59.72508001]
 [ 0.        ]
 [ 0.        ]
 [ 0.        ]
 [ 0.        ]]"
run,solve times
65,"[[ 0.        ]
 [47.58603001]
 [ 0.        ]
 [ 0.        ]
 [ 0.        ]
 [ 0.        ]]"
run,solve times
66,"[[ 0.        ]
 [53.75871587]
 [ 0.        ]
 [ 0.        ]
 [ 0.        ]
 [ 0.        ]]"
run,solve times
67,"[[ 0.        ]
 [62.86970901]
 [ 0.        ]
 [ 0.        ]
 [ 0.        ]
 [ 0.        ]]"
run,solve times
68,"[[ 0.      ]
 [43.691221]
 [ 0.      ]
 [ 0.      ]
 [ 0.      ]
 [ 0.      ]]"
run,solve times
69,"[[ 0.        ]
 [58.77687287]
 [ 0.        ]
 [ 0.        ]
 [ 0.        ]
 [ 0.        ]]"
run,solve times
70,"[[ 0.        ]
 [63.62721491]
 [ 0.        ]
 [ 0.        ]
 [ 0.        ]
 [ 0.        ]]"
run,solve times
71,"[[ 0.        ]
 [70.46628904]
 [ 0.        ]
 [ 0.        ]
 [ 0.        ]
 [ 0.        ]]"
run,solve times
72,"[[ 0.        ]
 [40.26525307]
 [ 0.        ]
 [ 0.        ]
 [ 0.        ]
 [ 0.        ]]"
run,solve times
73,"[[ 0.        ]
 [53.23640299]
 [ 0.        ]
 [ 0.        ]
 [ 0.        ]
 [ 0.        ]]"
run,solve times
74,"[[ 0.        ]
 [53.57487702]
 [ 0.        ]
 [ 0.        ]
 [ 0.        ]
 [ 0.        ]]"
run,solve times
75,"[[ 0.        ]
 [50.68629599]
 [ 0.        ]
 [ 0.        ]
 [ 0.        ]
 [ 0.        ]]"
run,solve times
76,"[[ 0.        ]
 [43.48876119]
 [ 0.        ]
 [ 0.        ]
 [ 0.        ]
 [ 0.        ]]"
run,solve times
77,"[[ 0.        ]
 [53.62901592]
 [ 0.        ]
 [ 0.        ]
 [ 0.        ]
 [ 0.        ]]"
run,solve times
78,"[[ 0.       ]
 [41.0358851]
 [ 0.       ]
 [ 0.       ]
 [ 0.       ]
 [ 0.       ]]"
run,solve times
79,"[[ 0.      ]
 [58.018929]
 [ 0.      ]
 [ 0.      ]
 [ 0.      ]
 [ 0.      ]]"
run,solve times
80,"[[ 0.        ]
 [40.23759389]
 [ 0.        ]
 [ 0.        ]
 [ 0.        ]
 [ 0.        ]]"
run,solve times
81,"[[ 0.        ]
 [49.42030191]
 [ 0.        ]
 [ 0.        ]
 [ 0.        ]
 [ 0.        ]]"
run,solve times
82,"[[ 0.        ]
 [58.55844712]
 [ 0.        ]
 [ 0.        ]
 [ 0.        ]
 [ 0.        ]]"
run,solve times
83,"[[ 0.        ]
 [65.61981487]
 [ 0.        ]
 [ 0.        ]
 [ 0.        ]
 [ 0.        ]]"
run,solve times
84,"[[ 0.       ]
 [75.2078352]
 [ 0.       ]
 [ 0.       ]
 [ 0.       ]
 [ 0.       ]]"
run,solve times
85,"[[ 0.        ]
 [59.19922686]
 [ 0.        ]
 [ 0.        ]
 [ 0.        ]
 [ 0.        ]]"
run,solve times
86,"[[ 0.       ]
 [48.0408299]
 [ 0.       ]
 [ 0.       ]
 [ 0.       ]
 [ 0.       ]]"
run,solve times
87,"[[ 0.        ]
 [61.53870797]
 [ 0.        ]
 [ 0.        ]
 [ 0.        ]
 [ 0.        ]]"
run,solve times
88,"[[ 0.        ]
 [71.27687097]
 [ 0.        ]
 [ 0.        ]
 [ 0.        ]
 [ 0.        ]]"
run,solve times
89,"[[ 0.        ]
 [72.34063315]
 [ 0.        ]
 [ 0.        ]
 [ 0.        ]
 [ 0.        ]]"
run,solve times
90,"[[ 0.        ]
 [58.10588098]
 [ 0.        ]
 [ 0.        ]
 [ 0.        ]
 [ 0.        ]]"
run,solve times
91,"[[ 0.        ]
 [65.75973892]
 [ 0.        ]
 [ 0.        ]
 [ 0.        ]
 [ 0.        ]]"
run,solve times
92,"[[ 0.       ]
 [70.3516829]
 [ 0.       ]
 [ 0.       ]
 [ 0.       ]
 [ 0.       ]]"
run,solve times
93,"[[ 0.        ]
 [70.39149594]
 [ 0.        ]
 [ 0.        ]
 [ 0.        ]
 [ 0.        ]]"
run,solve times
94,"[[ 0.        ]
 [67.27407813]
 [ 0.        ]
 [ 0.        ]
 [ 0.        ]
 [ 0.        ]]"
run,solve times
95,"[[ 0.        ]
 [54.16796088]
 [ 0.        ]
 [ 0.        ]
 [ 0.        ]
 [ 0.        ]]"
run,solve times
96,"[[  0.        ]
 [102.56792784]
 [  0.        ]
 [  0.        ]
 [  0.        ]
 [  0.        ]]"
run,solve times
97,"[[  0.        ]
 [124.99151492]
 [  0.        ]
 [  0.        ]
 [  0.        ]
 [  0.        ]]"
run,solve times
98,"[[ 0.        ]
 [55.81043696]
 [ 0.        ]
 [ 0.        ]
 [ 0.        ]
 [ 0.        ]]"
run,solve times
99,"[[ 0.        ]
 [98.06045604]
 [ 0.        ]
 [ 0.        ]
 [ 0.        ]
 [ 0.        ]]"
run,solve times
100,"[[ 0.        ]
 [83.98273993]
 [ 0.        ]
 [ 0.        ]
 [ 0.        ]
 [ 0.        ]]"
run,solve times
101,"[[ 0.        ]
 [39.25282288]
 [ 0.        ]
 [ 0.        ]
 [ 0.        ]
 [ 0.        ]]"
run,solve times
102,"[[ 0.        ]
 [46.47574306]
 [ 0.        ]
 [ 0.        ]
 [ 0.        ]
 [ 0.        ]]"
run,solve times
103,"[[ 0.        ]
 [47.39421201]
 [ 0.        ]
 [ 0.        ]
 [ 0.        ]
 [ 0.        ]]"
run,solve times
104,"[[ 0.        ]
 [55.65475106]
 [ 0.        ]
 [ 0.        ]
 [ 0.        ]
 [ 0.        ]]"
run,solve times
105,"[[ 0.        ]
 [38.92674494]
 [ 0.        ]
 [ 0.        ]
 [ 0.        ]
 [ 0.        ]]"
run,solve times
106,"[[ 0.        ]
 [50.08080888]
 [ 0.        ]
 [ 0.        ]
 [ 0.        ]
 [ 0.        ]]"
run,solve times
107,"[[ 0.        ]
 [40.55519199]
 [ 0.        ]
 [ 0.        ]
 [ 0.        ]
 [ 0.        ]]"
run,solve times
108,"[[ 0.        ]
 [49.89168286]
 [ 0.        ]
 [ 0.        ]
 [ 0.        ]
 [ 0.        ]]"
run,solve times
109,"[[ 0.        ]
 [59.25327611]
 [ 0.        ]
 [ 0.        ]
 [ 0.        ]
 [ 0.        ]]"
run,solve times
110,"[[ 0.        ]
 [54.13520908]
 [ 0.        ]
 [ 0.        ]
 [ 0.        ]
 [ 0.        ]]"
run,solve times
111,"[[ 0.        ]
 [55.57396293]
 [ 0.        ]
 [ 0.        ]
 [ 0.        ]
 [ 0.        ]]"
run,solve times
112,"[[ 0.        ]
 [47.01447582]
 [ 0.        ]
 [ 0.        ]
 [ 0.        ]
 [ 0.        ]]"
run,solve times
113,"[[ 0.        ]
 [37.91723609]
 [ 0.        ]
 [ 0.        ]
 [ 0.        ]
 [ 0.        ]]"
run,solve times
114,"[[ 0.        ]
 [43.75971508]
 [ 0.        ]
 [ 0.        ]
 [ 0.        ]
 [ 0.        ]]"
run,solve times
115,"[[ 0.        ]
 [47.53134203]
 [ 0.        ]
 [ 0.        ]
 [ 0.        ]
 [ 0.        ]]"
run,solve times
116,"[[ 0.        ]
 [38.45068502]
 [ 0.        ]
 [ 0.        ]
 [ 0.        ]
 [ 0.        ]]"
run,solve times
117,"[[ 0.        ]
 [67.19410396]
 [ 0.        ]
 [ 0.        ]
 [ 0.        ]
 [ 0.        ]]"
run,solve times
118,"[[ 0.        ]
 [53.15457988]
 [ 0.        ]
 [ 0.        ]
 [ 0.        ]
 [ 0.        ]]"
run,solve times
119,"[[ 0.        ]
 [57.45325804]
 [ 0.        ]
 [ 0.        ]
 [ 0.        ]
 [ 0.        ]]"
run,solve times
120,"[[ 0.        ]
 [49.35480785]
 [ 0.        ]
 [ 0.        ]
 [ 0.        ]
 [ 0.        ]]"
run,solve times
121,"[[ 0.        ]
 [53.72276306]
 [ 0.        ]
 [ 0.        ]
 [ 0.        ]
 [ 0.        ]]"
run,solve times
122,"[[ 0.        ]
 [63.53080797]
 [ 0.        ]
 [ 0.        ]
 [ 0.        ]
 [ 0.        ]]"
run,solve times
123,"[[ 0.      ]
 [54.033144]
 [ 0.      ]
 [ 0.      ]
 [ 0.      ]
 [ 0.      ]]"
run,solve times
124,"[[ 0.        ]
 [59.08061695]
 [ 0.        ]
 [ 0.        ]
 [ 0.        ]
 [ 0.        ]]"
run,solve times
125,"[[ 0.        ]
 [55.00354886]
 [ 0.        ]
 [ 0.        ]
 [ 0.        ]
 [ 0.        ]]"
run,solve times
126,"[[ 0.        ]
 [50.94524479]
 [ 0.        ]
 [ 0.        ]
 [ 0.        ]
 [ 0.        ]]"
run,solve times
127,"[[ 0.       ]
 [55.8924861]
 [ 0.       ]
 [ 0.       ]
 [ 0.       ]
 [ 0.       ]]"
run,solve times
128,"[[ 0.        ]
 [46.24709702]
 [ 0.        ]
 [ 0.        ]
 [ 0.        ]
 [ 0.        ]]"
run,solve times
129,"[[ 0.        ]
 [56.41464686]
 [ 0.        ]
 [ 0.        ]
 [ 0.        ]
 [ 0.        ]]"
run,solve times
130,"[[ 0.        ]
 [54.34733415]
 [ 0.        ]
 [ 0.        ]
 [ 0.        ]
 [ 0.        ]]"
run,solve times
131,"[[ 0.        ]
 [59.21168399]
 [ 0.        ]
 [ 0.        ]
 [ 0.        ]
 [ 0.        ]]"
run,solve times
132,"[[ 0.        ]
 [54.67062402]
 [ 0.        ]
 [ 0.        ]
 [ 0.        ]
 [ 0.        ]]"
run,solve times
133,"[[ 0.        ]
 [54.20449018]
 [ 0.        ]
 [ 0.        ]
 [ 0.        ]
 [ 0.        ]]"
run,solve times
134,"[[ 0.        ]
 [52.94065189]
 [ 0.        ]
 [ 0.        ]
 [ 0.        ]
 [ 0.        ]]"
run,solve times
135,"[[ 0.        ]
 [55.44173503]
 [ 0.        ]
 [ 0.        ]
 [ 0.        ]
 [ 0.        ]]"
run,solve times
136,"[[ 0.        ]
 [73.40185285]
 [ 0.        ]
 [ 0.        ]
 [ 0.        ]
 [ 0.        ]]"
run,solve times
137,"[[ 0.        ]
 [41.61934304]
 [ 0.        ]
 [ 0.        ]
 [ 0.        ]
 [ 0.        ]]"
run,solve times
138,"[[ 0.        ]
 [55.34254408]
 [ 0.        ]
 [ 0.        ]
 [ 0.        ]
 [ 0.        ]]"
run,solve times
139,"[[ 0.        ]
 [55.39027214]
 [ 0.        ]
 [ 0.        ]
 [ 0.        ]
 [ 0.        ]]"
run,solve times
140,"[[ 0.        ]
 [73.71657801]
 [ 0.        ]
 [ 0.        ]
 [ 0.        ]
 [ 0.        ]]"
run,solve times
141,"[[ 0.        ]
 [80.64862013]
 [ 0.        ]
 [ 0.        ]
 [ 0.        ]
 [ 0.        ]]"
run,solve times
142,"[[ 0.        ]
 [70.59065104]
 [ 0.        ]
 [ 0.        ]
 [ 0.        ]
 [ 0.        ]]"
run,solve times
143,"[[ 0.        ]
 [65.76092196]
 [ 0.        ]
 [ 0.        ]
 [ 0.        ]
 [ 0.        ]]"
run,solve times
144,"[[ 0.        ]
 [52.57333994]
 [ 0.        ]
 [ 0.        ]
 [ 0.        ]
 [ 0.        ]]"
run,solve times
145,"[[ 0.        ]
 [72.63140202]
 [ 0.        ]
 [ 0.        ]
 [ 0.        ]
 [ 0.        ]]"
run,solve times
146,"[[  0.        ]
 [880.47605801]
 [  0.        ]
 [  0.        ]
 [  0.        ]
 [  0.        ]]"
run,solve times
147,"[[ 0.        ]
 [65.03543591]
 [ 0.        ]
 [ 0.        ]
 [ 0.        ]
 [ 0.        ]]"
run,solve times
148,"[[ 0.        ]
 [63.36604595]
 [ 0.        ]
 [ 0.        ]
 [ 0.        ]
 [ 0.        ]]"
run,solve times
149,"[[ 0.        ]
 [77.80021811]
 [ 0.        ]
 [ 0.        ]
 [ 0.        ]
 [ 0.        ]]"
run,solve times
150,"[[ 0.        ]
 [81.26052403]
 [ 0.        ]
 [ 0.        ]
 [ 0.        ]
 [ 0.        ]]"
run,solve times
151,"[[ 0.        ]
 [59.17291808]
 [ 0.        ]
 [ 0.        ]
 [ 0.        ]
 [ 0.        ]]"
run,solve times
152,"[[ 0.        ]
 [45.06758189]
 [ 0.        ]
 [ 0.        ]
 [ 0.        ]
 [ 0.        ]]"
run,solve times
153,"[[ 0.        ]
 [41.56052089]
 [ 0.        ]
 [ 0.        ]
 [ 0.        ]
 [ 0.        ]]"
run,solve times
154,"[[ 0.        ]
 [42.68456602]
 [ 0.        ]
 [ 0.        ]
 [ 0.        ]
 [ 0.        ]]"
run,solve times
155,"[[ 0.        ]
 [46.28939819]
 [ 0.        ]
 [ 0.        ]
 [ 0.        ]
 [ 0.        ]]"
run,solve times
156,"[[ 0.        ]
 [53.71171498]
 [ 0.        ]
 [ 0.        ]
 [ 0.        ]
 [ 0.        ]]"
run,solve times
157,"[[ 0.      ]
 [50.571522]
 [ 0.      ]
 [ 0.      ]
 [ 0.      ]
 [ 0.      ]]"
run,solve times
158,"[[ 0.        ]
 [59.73606801]
 [ 0.        ]
 [ 0.        ]
 [ 0.        ]
 [ 0.        ]]"
run,solve times
159,"[[ 0.        ]
 [45.43628097]
 [ 0.        ]
 [ 0.        ]
 [ 0.        ]
 [ 0.        ]]"
run,solve times
160,"[[ 0.        ]
 [50.12794781]
 [ 0.        ]
 [ 0.        ]
 [ 0.        ]
 [ 0.        ]]"
run,solve times
161,"[[ 0.        ]
 [77.70882916]
 [ 0.        ]
 [ 0.        ]
 [ 0.        ]
 [ 0.        ]]"
run,solve times
162,"[[ 0.      ]
 [43.827003]
 [ 0.      ]
 [ 0.      ]
 [ 0.      ]
 [ 0.      ]]"
run,solve times
163,"[[ 0.        ]
 [39.12805414]
 [ 0.        ]
 [ 0.        ]
 [ 0.        ]
 [ 0.        ]]"
run,solve times
164,"[[ 0.        ]
 [41.29088807]
 [ 0.        ]
 [ 0.        ]
 [ 0.        ]
 [ 0.        ]]"
run,solve times
165,"[[ 0.        ]
 [54.24320722]
 [ 0.        ]
 [ 0.        ]
 [ 0.        ]
 [ 0.        ]]"
run,solve times
166,"[[ 0.        ]
 [46.55804896]
 [ 0.        ]
 [ 0.        ]
 [ 0.        ]
 [ 0.        ]]"
run,solve times
167,"[[ 0.        ]
 [51.51964283]
 [ 0.        ]
 [ 0.        ]
 [ 0.        ]
 [ 0.        ]]"
run,solve times
168,"[[ 0.        ]
 [82.62691212]
 [ 0.        ]
 [ 0.        ]
 [ 0.        ]
 [ 0.        ]]"
run,solve times
169,"[[ 0.        ]
 [66.02861309]
 [ 0.        ]
 [ 0.        ]
 [ 0.        ]
 [ 0.        ]]"
run,solve times
170,"[[ 0.        ]
 [74.49826312]
 [ 0.        ]
 [ 0.        ]
 [ 0.        ]
 [ 0.        ]]"
run,solve times
171,"[[ 0.        ]
 [52.71981502]
 [ 0.        ]
 [ 0.        ]
 [ 0.        ]
 [ 0.        ]]"
run,solve times
172,"[[ 0.        ]
 [44.14987612]
 [ 0.        ]
 [ 0.        ]
 [ 0.        ]
 [ 0.        ]]"
run,solve times
173,"[[ 0.        ]
 [50.68920183]
 [ 0.        ]
 [ 0.        ]
 [ 0.        ]
 [ 0.        ]]"
run,solve times
174,"[[ 0.        ]
 [44.18642592]
 [ 0.        ]
 [ 0.        ]
 [ 0.        ]
 [ 0.        ]]"
run,solve times
175,"[[ 0.        ]
 [51.81462193]
 [ 0.        ]
 [ 0.        ]
 [ 0.        ]
 [ 0.        ]]"
run,solve times
176,"[[ 0.       ]
 [41.3181119]
 [ 0.       ]
 [ 0.       ]
 [ 0.       ]
 [ 0.       ]]"
run,solve times
177,"[[ 0.        ]
 [86.95050693]
 [ 0.        ]
 [ 0.        ]
 [ 0.        ]
 [ 0.        ]]"
run,solve times
178,"[[ 0.        ]
 [44.74711108]
 [ 0.        ]
 [ 0.        ]
 [ 0.        ]
 [ 0.        ]]"
run,solve times
179,"[[ 0.        ]
 [39.36415911]
 [ 0.        ]
 [ 0.        ]
 [ 0.        ]
 [ 0.        ]]"
run,solve times
180,"[[ 0.      ]
 [45.494941]
 [ 0.      ]
 [ 0.      ]
 [ 0.      ]
 [ 0.      ]]"
run,solve times
181,"[[ 0.        ]
 [52.04244184]
 [ 0.        ]
 [ 0.        ]
 [ 0.        ]
 [ 0.        ]]"
run,solve times
182,"[[ 0.        ]
 [54.00293994]
 [ 0.        ]
 [ 0.        ]
 [ 0.        ]
 [ 0.        ]]"
run,solve times
183,"[[ 0.        ]
 [56.90949416]
 [ 0.        ]
 [ 0.        ]
 [ 0.        ]
 [ 0.        ]]"
run,solve times
184,"[[ 0.        ]
 [51.59901619]
 [ 0.        ]
 [ 0.        ]
 [ 0.        ]
 [ 0.        ]]"
run,solve times
185,"[[ 0.        ]
 [68.92779112]
 [ 0.        ]
 [ 0.        ]
 [ 0.        ]
 [ 0.        ]]"
run,solve times
186,"[[ 0.        ]
 [67.15723991]
 [ 0.        ]
 [ 0.        ]
 [ 0.        ]
 [ 0.        ]]"
run,solve times
187,"[[ 0.        ]
 [85.35034704]
 [ 0.        ]
 [ 0.        ]
 [ 0.        ]
 [ 0.        ]]"
run,solve times
188,"[[ 0.        ]
 [70.09744787]
 [ 0.        ]
 [ 0.        ]
 [ 0.        ]
 [ 0.        ]]"
run,solve times
189,"[[ 0.        ]
 [91.17487907]
 [ 0.        ]
 [ 0.        ]
 [ 0.        ]
 [ 0.        ]]"
run,solve times
190,"[[  0.        ]
 [146.88421297]
 [  0.        ]
 [  0.        ]
 [  0.        ]
 [  0.        ]]"
run,solve times
191,"[[ 0.       ]
 [91.4405961]
 [ 0.       ]
 [ 0.       ]
 [ 0.       ]
 [ 0.       ]]"
run,solve times
192,"[[ 0.        ]
 [78.45985603]
 [ 0.        ]
 [ 0.        ]
 [ 0.        ]
 [ 0.        ]]"
run,solve times
193,"[[ 0.        ]
 [90.05140591]
 [ 0.        ]
 [ 0.        ]
 [ 0.        ]
 [ 0.        ]]"
run,solve times
194,"[[ 0.       ]
 [83.4003191]
 [ 0.       ]
 [ 0.       ]
 [ 0.       ]
 [ 0.       ]]"
run,solve times
195,"[[ 0.        ]
 [91.14523697]
 [ 0.        ]
 [ 0.        ]
 [ 0.        ]
 [ 0.        ]]"
run,solve times
196,"[[ 0.       ]
 [56.0816648]
 [ 0.       ]
 [ 0.       ]
 [ 0.       ]
 [ 0.       ]]"
run,solve times
197,"[[ 0.        ]
 [97.78464913]
 [ 0.        ]
 [ 0.        ]
 [ 0.        ]
 [ 0.        ]]"
run,solve times
198,"[[  0.        ]
 [173.59836698]
 [  0.        ]
 [  0.        ]
 [  0.        ]
 [  0.        ]]"
run,solve times
199,"[[ 0.        ]
 [89.64653611]
 [ 0.        ]
 [ 0.        ]
 [ 0.        ]
 [ 0.        ]]"
run,solve times
0,"[[ 0.        ]
 [55.58386207]
 [ 0.        ]
 [ 0.        ]
 [ 0.        ]
 [ 0.        ]]"
run,solve times
1,"[[ 0.        ]
 [84.60984683]
 [ 0.        ]
 [ 0.        ]
 [ 0.        ]
 [ 0.        ]]"
run,solve times
2,"[[ 0.        ]
 [72.88778591]
 [ 0.        ]
 [ 0.        ]
 [ 0.        ]
 [ 0.        ]]"
run,solve times
3,"[[ 0.        ]
 [83.85404897]
 [ 0.        ]
 [ 0.        ]
 [ 0.        ]
 [ 0.        ]]"
run,solve times
4,"[[ 0.        ]
 [66.72530484]
 [ 0.        ]
 [ 0.        ]
 [ 0.        ]
 [ 0.        ]]"
run,solve times
5,"[[ 0.        ]
 [69.21575713]
 [ 0.        ]
 [ 0.        ]
 [ 0.        ]
 [ 0.        ]]"
run,solve times
6,"[[ 0.        ]
 [87.54048109]
 [ 0.        ]
 [ 0.        ]
 [ 0.        ]
 [ 0.        ]]"
run,solve times
7,"[[  0.        ]
 [146.75808215]
 [  0.        ]
 [  0.        ]
 [  0.        ]
 [  0.        ]]"
run,solve times
8,"[[ 0.        ]
 [74.97186399]
 [ 0.        ]
 [ 0.        ]
 [ 0.        ]
 [ 0.        ]]"
run,solve times
9,"[[ 0.        ]
 [73.89324403]
 [ 0.        ]
 [ 0.        ]
 [ 0.        ]
 [ 0.        ]]"
run,solve times
10,"[[  0.        ]
 [100.62865877]
 [  0.        ]
 [  0.        ]
 [  0.        ]
 [  0.        ]]"
run,solve times
11,"[[ 0.        ]
 [78.41044807]
 [ 0.        ]
 [ 0.        ]
 [ 0.        ]
 [ 0.        ]]"
run,solve times
12,"[[ 0.        ]
 [74.44497395]
 [ 0.        ]
 [ 0.        ]
 [ 0.        ]
 [ 0.        ]]"
run,solve times
13,"[[ 0.        ]
 [72.15835094]
 [ 0.        ]
 [ 0.        ]
 [ 0.        ]
 [ 0.        ]]"
run,solve times
14,"[[ 0.        ]
 [94.50686884]
 [ 0.        ]
 [ 0.        ]
 [ 0.        ]
 [ 0.        ]]"
run,solve times
15,"[[ 0.        ]
 [96.49948692]
 [ 0.        ]
 [ 0.        ]
 [ 0.        ]
 [ 0.        ]]"
run,solve times
16,"[[ 0.        ]
 [80.34979105]
 [ 0.        ]
 [ 0.        ]
 [ 0.        ]
 [ 0.        ]]"
run,solve times
17,"[[ 0.        ]
 [65.88595581]
 [ 0.        ]
 [ 0.        ]
 [ 0.        ]
 [ 0.        ]]"
run,solve times
18,"[[ 0.        ]
 [70.10794497]
 [ 0.        ]
 [ 0.        ]
 [ 0.        ]
 [ 0.        ]]"
run,solve times
19,"[[ 0.        ]
 [69.20223212]
 [ 0.        ]
 [ 0.        ]
 [ 0.        ]
 [ 0.        ]]"
run,solve times
20,"[[ 0.        ]
 [76.40918398]
 [ 0.        ]
 [ 0.        ]
 [ 0.        ]
 [ 0.        ]]"
run,solve times
21,"[[ 0.        ]
 [56.57930899]
 [ 0.        ]
 [ 0.        ]
 [ 0.        ]
 [ 0.        ]]"
run,solve times
22,"[[ 0.        ]
 [89.55451202]
 [ 0.        ]
 [ 0.        ]
 [ 0.        ]
 [ 0.        ]]"
run,solve times
23,"[[ 0.        ]
 [88.29000711]
 [ 0.        ]
 [ 0.        ]
 [ 0.        ]
 [ 0.        ]]"
run,solve times
24,"[[ 0.        ]
 [86.15385914]
 [ 0.        ]
 [ 0.        ]
 [ 0.        ]
 [ 0.        ]]"
run,solve times
25,"[[ 0.        ]
 [91.58041906]
 [ 0.        ]
 [ 0.        ]
 [ 0.        ]
 [ 0.        ]]"
run,solve times
26,"[[ 0.        ]
 [67.10353899]
 [ 0.        ]
 [ 0.        ]
 [ 0.        ]
 [ 0.        ]]"
run,solve times
27,"[[ 0.        ]
 [76.42807388]
 [ 0.        ]
 [ 0.        ]
 [ 0.        ]
 [ 0.        ]]"
run,solve times
28,"[[ 0.        ]
 [81.59416795]
 [ 0.        ]
 [ 0.        ]
 [ 0.        ]
 [ 0.        ]]"
run,solve times
29,"[[ 0.        ]
 [65.19428515]
 [ 0.        ]
 [ 0.        ]
 [ 0.        ]
 [ 0.        ]]"
run,solve times
30,"[[ 0.        ]
 [81.76370502]
 [ 0.        ]
 [ 0.        ]
 [ 0.        ]
 [ 0.        ]]"
run,solve times
31,"[[ 0.       ]
 [78.9931798]
 [ 0.       ]
 [ 0.       ]
 [ 0.       ]
 [ 0.       ]]"
run,solve times
32,"[[ 0.      ]
 [99.732476]
 [ 0.      ]
 [ 0.      ]
 [ 0.      ]
 [ 0.      ]]"
run,solve times
33,"[[ 0.        ]
 [91.24832606]
 [ 0.        ]
 [ 0.        ]
 [ 0.        ]
 [ 0.        ]]"
run,solve times
34,"[[  0.        ]
 [123.83559489]
 [  0.        ]
 [  0.        ]
 [  0.        ]
 [  0.        ]]"
run,solve times
35,"[[ 0.        ]
 [96.30666399]
 [ 0.        ]
 [ 0.        ]
 [ 0.        ]
 [ 0.        ]]"
run,solve times
36,"[[ 0.        ]
 [60.78901696]
 [ 0.        ]
 [ 0.        ]
 [ 0.        ]
 [ 0.        ]]"
run,solve times
37,"[[  0.      ]
 [128.938555]
 [  0.      ]
 [  0.      ]
 [  0.      ]
 [  0.      ]]"
run,solve times
38,"[[ 0.        ]
 [82.09640694]
 [ 0.        ]
 [ 0.        ]
 [ 0.        ]
 [ 0.        ]]"
run,solve times
39,"[[ 0.      ]
 [70.373734]
 [ 0.      ]
 [ 0.      ]
 [ 0.      ]
 [ 0.      ]]"
run,solve times
40,"[[ 0.       ]
 [67.0554409]
 [ 0.       ]
 [ 0.       ]
 [ 0.       ]
 [ 0.       ]]"
run,solve times
41,"[[  0.        ]
 [102.81622601]
 [  0.        ]
 [  0.        ]
 [  0.        ]
 [  0.        ]]"
run,solve times
42,"[[  0.        ]
 [153.64038992]
 [  0.        ]
 [  0.        ]
 [  0.        ]
 [  0.        ]]"
run,solve times
43,"[[ 0.        ]
 [54.02692294]
 [ 0.        ]
 [ 0.        ]
 [ 0.        ]
 [ 0.        ]]"
run,solve times
44,"[[ 0.        ]
 [68.79137301]
 [ 0.        ]
 [ 0.        ]
 [ 0.        ]
 [ 0.        ]]"
run,solve times
45,"[[ 0.        ]
 [86.60540795]
 [ 0.        ]
 [ 0.        ]
 [ 0.        ]
 [ 0.        ]]"
run,solve times
46,"[[ 0.        ]
 [71.50374818]
 [ 0.        ]
 [ 0.        ]
 [ 0.        ]
 [ 0.        ]]"
run,solve times
47,"[[ 0.        ]
 [84.85177493]
 [ 0.        ]
 [ 0.        ]
 [ 0.        ]
 [ 0.        ]]"
run,solve times
48,"[[ 0.        ]
 [72.52621508]
 [ 0.        ]
 [ 0.        ]
 [ 0.        ]
 [ 0.        ]]"
run,solve times
49,"[[ 0.        ]
 [86.99443507]
 [ 0.        ]
 [ 0.        ]
 [ 0.        ]
 [ 0.        ]]"
run,solve times
50,"[[ 0.        ]
 [77.65070295]
 [ 0.        ]
 [ 0.        ]
 [ 0.        ]
 [ 0.        ]]"
run,solve times
51,"[[ 0.        ]
 [65.88271809]
 [ 0.        ]
 [ 0.        ]
 [ 0.        ]
 [ 0.        ]]"
run,solve times
52,"[[ 0.        ]
 [85.30349994]
 [ 0.        ]
 [ 0.        ]
 [ 0.        ]
 [ 0.        ]]"
run,solve times
53,"[[ 0.        ]
 [58.07284212]
 [ 0.        ]
 [ 0.        ]
 [ 0.        ]
 [ 0.        ]]"
run,solve times
54,"[[  0.        ]
 [104.12656903]
 [  0.        ]
 [  0.        ]
 [  0.        ]
 [  0.        ]]"
run,solve times
55,"[[ 0.        ]
 [74.51048112]
 [ 0.        ]
 [ 0.        ]
 [ 0.        ]
 [ 0.        ]]"
run,solve times
56,"[[ 0.        ]
 [60.79891491]
 [ 0.        ]
 [ 0.        ]
 [ 0.        ]
 [ 0.        ]]"
run,solve times
57,"[[ 0.        ]
 [60.93095183]
 [ 0.        ]
 [ 0.        ]
 [ 0.        ]
 [ 0.        ]]"
run,solve times
58,"[[ 0.        ]
 [73.92397499]
 [ 0.        ]
 [ 0.        ]
 [ 0.        ]
 [ 0.        ]]"
run,solve times
59,"[[ 0.        ]
 [78.08799911]
 [ 0.        ]
 [ 0.        ]
 [ 0.        ]
 [ 0.        ]]"
run,solve times
0,"[[ 0.        ]
 [90.36352205]
 [ 0.        ]
 [ 0.        ]
 [ 0.        ]
 [ 0.        ]]"
run,solve times
1,"[[ 0.        ]
 [74.98292208]
 [ 0.        ]
 [ 0.        ]
 [ 0.        ]
 [ 0.        ]]"
run,solve times
2,"[[ 0.        ]
 [61.25341296]
 [ 0.        ]
 [ 0.        ]
 [ 0.        ]
 [ 0.        ]]"
run,solve times
3,"[[ 0.        ]
 [87.97887707]
 [ 0.        ]
 [ 0.        ]
 [ 0.        ]
 [ 0.        ]]"
run,solve times
0,"[[  0.        ]
 [125.11174107]
 [  0.        ]
 [  0.        ]
 [  0.        ]
 [  0.        ]]"
run,solve times
0,"[[ 0.        ]
 [88.12095714]
 [ 0.        ]
 [ 0.        ]
 [ 0.        ]
 [ 0.        ]]"
run,solve times
1,"[[ 0.      ]
 [78.308599]
 [ 0.      ]
 [ 0.      ]
 [ 0.      ]
 [ 0.      ]]"
run,solve times
2,"[[ 0.        ]
 [77.61110401]
 [ 0.        ]
 [ 0.        ]
 [ 0.        ]
 [ 0.        ]]"
run,solve times
3,"[[  0.        ]
 [117.36612797]
 [  0.        ]
 [  0.        ]
 [  0.        ]
 [  0.        ]]"
run,solve times
4,"[[ 0.        ]
 [99.57929015]
 [ 0.        ]
 [ 0.        ]
 [ 0.        ]
 [ 0.        ]]"
run,solve times
5,"[[ 0.        ]
 [98.52263594]
 [ 0.        ]
 [ 0.        ]
 [ 0.        ]
 [ 0.        ]]"
run,solve times
6,"[[ 0.        ]
 [73.94802189]
 [ 0.        ]
 [ 0.        ]
 [ 0.        ]
 [ 0.        ]]"
run,solve times
7,"[[ 0.        ]
 [99.34874415]
 [ 0.        ]
 [ 0.        ]
 [ 0.        ]
 [ 0.        ]]"
run,solve times
8,"[[  0.        ]
 [123.08920598]
 [  0.        ]
 [  0.        ]
 [  0.        ]
 [  0.        ]]"
run,solve times
9,"[[ 0.        ]
 [95.58270907]
 [ 0.        ]
 [ 0.        ]
 [ 0.        ]
 [ 0.        ]]"
run,solve times
10,"[[ 0.        ]
 [90.60065603]
 [ 0.        ]
 [ 0.        ]
 [ 0.        ]
 [ 0.        ]]"
run,solve times
11,"[[ 0.        ]
 [74.89851689]
 [ 0.        ]
 [ 0.        ]
 [ 0.        ]
 [ 0.        ]]"
run,solve times
12,"[[ 0.        ]
 [89.52708888]
 [ 0.        ]
 [ 0.        ]
 [ 0.        ]
 [ 0.        ]]"
run,solve times
13,"[[ 0.        ]
 [93.99110889]
 [ 0.        ]
 [ 0.        ]
 [ 0.        ]
 [ 0.        ]]"
run,solve times
14,"[[ 0.        ]
 [78.70882797]
 [ 0.        ]
 [ 0.        ]
 [ 0.        ]
 [ 0.        ]]"
run,solve times
15,"[[ 0.        ]
 [78.43694115]
 [ 0.        ]
 [ 0.        ]
 [ 0.        ]
 [ 0.        ]]"
run,solve times
16,"[[ 0.        ]
 [82.22939706]
 [ 0.        ]
 [ 0.        ]
 [ 0.        ]
 [ 0.        ]]"
run,solve times
17,"[[ 0.        ]
 [68.70553899]
 [ 0.        ]
 [ 0.        ]
 [ 0.        ]
 [ 0.        ]]"
run,solve times
18,"[[  0.       ]
 [125.1648531]
 [  0.       ]
 [  0.       ]
 [  0.       ]
 [  0.       ]]"
run,solve times
19,"[[ 0.        ]
 [96.68373489]
 [ 0.        ]
 [ 0.        ]
 [ 0.        ]
 [ 0.        ]]"
run,solve times
20,"[[ 0.        ]
 [88.85329199]
 [ 0.        ]
 [ 0.        ]
 [ 0.        ]
 [ 0.        ]]"
run,solve times
21,"[[ 0.        ]
 [71.99911594]
 [ 0.        ]
 [ 0.        ]
 [ 0.        ]
 [ 0.        ]]"
run,solve times
22,"[[ 0.        ]
 [74.98977709]
 [ 0.        ]
 [ 0.        ]
 [ 0.        ]
 [ 0.        ]]"
run,solve times
23,"[[ 0.        ]
 [78.39988112]
 [ 0.        ]
 [ 0.        ]
 [ 0.        ]
 [ 0.        ]]"
run,solve times
24,"[[ 0.        ]
 [76.47965384]
 [ 0.        ]
 [ 0.        ]
 [ 0.        ]
 [ 0.        ]]"
run,solve times
25,"[[ 0.        ]
 [63.42726707]
 [ 0.        ]
 [ 0.        ]
 [ 0.        ]
 [ 0.        ]]"
run,solve times
26,"[[ 0.        ]
 [67.75531101]
 [ 0.        ]
 [ 0.        ]
 [ 0.        ]
 [ 0.        ]]"
run,solve times
27,"[[ 0.        ]
 [57.35092902]
 [ 0.        ]
 [ 0.        ]
 [ 0.        ]
 [ 0.        ]]"
run,solve times
28,"[[ 0.        ]
 [61.73540711]
 [ 0.        ]
 [ 0.        ]
 [ 0.        ]
 [ 0.        ]]"
run,solve times
29,"[[ 0.        ]
 [67.36390996]
 [ 0.        ]
 [ 0.        ]
 [ 0.        ]
 [ 0.        ]]"
run,solve times
30,"[[ 0.        ]
 [91.92797899]
 [ 0.        ]
 [ 0.        ]
 [ 0.        ]
 [ 0.        ]]"
run,solve times
31,"[[ 0.        ]
 [82.36398101]
 [ 0.        ]
 [ 0.        ]
 [ 0.        ]
 [ 0.        ]]"
run,solve times
32,"[[ 0.        ]
 [83.79872203]
 [ 0.        ]
 [ 0.        ]
 [ 0.        ]
 [ 0.        ]]"
run,solve times
33,"[[ 0.        ]
 [76.36945295]
 [ 0.        ]
 [ 0.        ]
 [ 0.        ]
 [ 0.        ]]"
run,solve times
34,"[[ 0.        ]
 [69.14328909]
 [ 0.        ]
 [ 0.        ]
 [ 0.        ]
 [ 0.        ]]"
run,solve times
35,"[[ 0.        ]
 [56.74741602]
 [ 0.        ]
 [ 0.        ]
 [ 0.        ]
 [ 0.        ]]"
run,solve times
36,"[[ 0.        ]
 [89.64140606]
 [ 0.        ]
 [ 0.        ]
 [ 0.        ]
 [ 0.        ]]"
run,solve times
37,"[[ 0.        ]
 [58.49097395]
 [ 0.        ]
 [ 0.        ]
 [ 0.        ]
 [ 0.        ]]"
run,solve times
0,"[[ 0.        ]
 [78.50292897]
 [ 0.        ]
 [ 0.        ]
 [ 0.        ]
 [ 0.        ]]"
run,solve times
1,"[[ 0.        ]
 [87.17632699]
 [ 0.        ]
 [ 0.        ]
 [ 0.        ]
 [ 0.        ]]"
run,solve times
2,"[[ 0.       ]
 [89.0509429]
 [ 0.       ]
 [ 0.       ]
 [ 0.       ]
 [ 0.       ]]"
run,solve times
3,"[[ 0.        ]
 [91.04196095]
 [ 0.        ]
 [ 0.        ]
 [ 0.        ]
 [ 0.        ]]"
run,solve times
4,"[[ 0.        ]
 [83.55838609]
 [ 0.        ]
 [ 0.        ]
 [ 0.        ]
 [ 0.        ]]"
run,solve times
5,"[[ 0.        ]
 [91.41569304]
 [ 0.        ]
 [ 0.        ]
 [ 0.        ]
 [ 0.        ]]"
run,solve times
6,"[[ 0.        ]
 [59.68752909]
 [ 0.        ]
 [ 0.        ]
 [ 0.        ]
 [ 0.        ]]"
run,solve times
7,"[[ 0.        ]
 [64.44920897]
 [ 0.        ]
 [ 0.        ]
 [ 0.        ]
 [ 0.        ]]"
run,solve times
8,"[[  0.        ]
 [115.26444006]
 [  0.        ]
 [  0.        ]
 [  0.        ]
 [  0.        ]]"
run,solve times
9,"[[ 0.       ]
 [81.5010221]
 [ 0.       ]
 [ 0.       ]
 [ 0.       ]
 [ 0.       ]]"
run,solve times
10,"[[ 0.        ]
 [81.61687303]
 [ 0.        ]
 [ 0.        ]
 [ 0.        ]
 [ 0.        ]]"
run,solve times
11,"[[ 0.        ]
 [63.81246185]
 [ 0.        ]
 [ 0.        ]
 [ 0.        ]
 [ 0.        ]]"
run,solve times
12,"[[ 0.      ]
 [57.826689]
 [ 0.      ]
 [ 0.      ]
 [ 0.      ]
 [ 0.      ]]"
run,solve times
13,"[[ 0.        ]
 [89.32687402]
 [ 0.        ]
 [ 0.        ]
 [ 0.        ]
 [ 0.        ]]"
run,solve times
14,"[[ 0.      ]
 [88.980968]
 [ 0.      ]
 [ 0.      ]
 [ 0.      ]
 [ 0.      ]]"
run,solve times
15,"[[ 0.        ]
 [67.53265405]
 [ 0.        ]
 [ 0.        ]
 [ 0.        ]
 [ 0.        ]]"
run,solve times
16,"[[ 0.        ]
 [70.30827379]
 [ 0.        ]
 [ 0.        ]
 [ 0.        ]
 [ 0.        ]]"
run,solve times
17,"[[ 0.     ]
 [65.87395]
 [ 0.     ]
 [ 0.     ]
 [ 0.     ]
 [ 0.     ]]"
run,solve times
18,"[[  0.        ]
 [140.17776799]
 [  0.        ]
 [  0.        ]
 [  0.        ]
 [  0.        ]]"
run,solve times
19,"[[ 0.        ]
 [82.58081102]
 [ 0.        ]
 [ 0.        ]
 [ 0.        ]
 [ 0.        ]]"
run,solve times
20,"[[ 0.        ]
 [71.67927194]
 [ 0.        ]
 [ 0.        ]
 [ 0.        ]
 [ 0.        ]]"
run,solve times
21,"[[ 0.      ]
 [60.319839]
 [ 0.      ]
 [ 0.      ]
 [ 0.      ]
 [ 0.      ]]"
run,solve times
22,"[[ 0.        ]
 [67.43267202]
 [ 0.        ]
 [ 0.        ]
 [ 0.        ]
 [ 0.        ]]"
run,solve times
23,"[[ 0.        ]
 [62.56657505]
 [ 0.        ]
 [ 0.        ]
 [ 0.        ]
 [ 0.        ]]"
run,solve times
24,"[[ 0.        ]
 [85.81431603]
 [ 0.        ]
 [ 0.        ]
 [ 0.        ]
 [ 0.        ]]"
run,solve times
25,"[[ 0.        ]
 [95.53606319]
 [ 0.        ]
 [ 0.        ]
 [ 0.        ]
 [ 0.        ]]"
run,solve times
26,"[[ 0.        ]
 [92.43403387]
 [ 0.        ]
 [ 0.        ]
 [ 0.        ]
 [ 0.        ]]"
run,solve times
27,"[[ 0.      ]
 [55.556319]
 [ 0.      ]
 [ 0.      ]
 [ 0.      ]
 [ 0.      ]]"
run,solve times
28,"[[ 0.        ]
 [54.38896179]
 [ 0.        ]
 [ 0.        ]
 [ 0.        ]
 [ 0.        ]]"
run,solve times
29,"[[ 0.        ]
 [60.74189878]
 [ 0.        ]
 [ 0.        ]
 [ 0.        ]
 [ 0.        ]]"
run,solve times
30,"[[ 0.        ]
 [59.03392792]
 [ 0.        ]
 [ 0.        ]
 [ 0.        ]
 [ 0.        ]]"
run,solve times
31,"[[  0.       ]
 [101.0172019]
 [  0.       ]
 [  0.       ]
 [  0.       ]
 [  0.       ]]"
run,solve times
32,"[[  0.        ]
 [140.38308311]
 [  0.        ]
 [  0.        ]
 [  0.        ]
 [  0.        ]]"
run,solve times
33,"[[ 0.        ]
 [92.36859488]
 [ 0.        ]
 [ 0.        ]
 [ 0.        ]
 [ 0.        ]]"
run,solve times
34,"[[ 0.        ]
 [67.54412794]
 [ 0.        ]
 [ 0.        ]
 [ 0.        ]
 [ 0.        ]]"
run,solve times
35,"[[ 0.        ]
 [91.41859388]
 [ 0.        ]
 [ 0.        ]
 [ 0.        ]
 [ 0.        ]]"
run,solve times
36,"[[ 0.        ]
 [92.40324092]
 [ 0.        ]
 [ 0.        ]
 [ 0.        ]
 [ 0.        ]]"
run,solve times
37,"[[  0.        ]
 [160.57331419]
 [  0.        ]
 [  0.        ]
 [  0.        ]
 [  0.        ]]"
run,solve times
38,"[[ 0.        ]
 [75.92488599]
 [ 0.        ]
 [ 0.        ]
 [ 0.        ]
 [ 0.        ]]"
run,solve times
39,"[[ 0.        ]
 [84.05149698]
 [ 0.        ]
 [ 0.        ]
 [ 0.        ]
 [ 0.        ]]"
run,solve times
40,"[[ 0.        ]
 [73.42781115]
 [ 0.        ]
 [ 0.        ]
 [ 0.        ]
 [ 0.        ]]"
run,solve times
41,"[[ 0.        ]
 [67.91235209]
 [ 0.        ]
 [ 0.        ]
 [ 0.        ]
 [ 0.        ]]"
run,solve times
42,"[[ 0.        ]
 [72.80157709]
 [ 0.        ]
 [ 0.        ]
 [ 0.        ]
 [ 0.        ]]"
run,solve times
0,"[[ 0.        ]
 [70.51878786]
 [ 0.        ]
 [ 0.        ]
 [ 0.        ]
 [ 0.        ]]"
run,solve times
0,"[[ 0.      ]
 [91.333606]
 [ 0.      ]
 [ 0.      ]
 [ 0.      ]
 [ 0.      ]]"
run,solve times
1,"[[  0.        ]
 [102.29742002]
 [  0.        ]
 [  0.        ]
 [  0.        ]
 [  0.        ]]"
run,solve times
2,"[[  0.        ]
 [109.74391818]
 [  0.        ]
 [  0.        ]
 [  0.        ]
 [  0.        ]]"
run,solve times
0,"[[ 0.        ]
 [90.54767489]
 [ 0.        ]
 [ 0.        ]
 [ 0.        ]
 [ 0.        ]]"
run,solve times
1,"[[ 0.        ]
 [56.73512077]
 [ 0.        ]
 [ 0.        ]
 [ 0.        ]
 [ 0.        ]]"
run,solve times
2,"[[ 0.      ]
 [92.123667]
 [ 0.      ]
 [ 0.      ]
 [ 0.      ]
 [ 0.      ]]"
run,solve times
3,"[[  0.        ]
 [173.88239908]
 [  0.        ]
 [  0.        ]
 [  0.        ]
 [  0.        ]]"
run,solve times
0,"[[  0.        ]
 [136.13476992]
 [  0.        ]
 [  0.        ]
 [  0.        ]
 [  0.        ]]"
run,solve times
1,"[[ 0.        ]
 [56.48054314]
 [ 0.        ]
 [ 0.        ]
 [ 0.        ]
 [ 0.        ]]"
run,solve times
2,"[[ 0.        ]
 [60.81352401]
 [ 0.        ]
 [ 0.        ]
 [ 0.        ]
 [ 0.        ]]"
run,solve times
0,"[[ 0.        ]
 [88.82053494]
 [ 0.        ]
 [ 0.        ]
 [ 0.        ]
 [ 0.        ]]"
run,solve times
1,"[[ 0.        ]
 [89.48578596]
 [ 0.        ]
 [ 0.        ]
 [ 0.        ]
 [ 0.        ]]"
run,solve times
2,"[[ 0.        ]
 [95.00372815]
 [ 0.        ]
 [ 0.        ]
 [ 0.        ]
 [ 0.        ]]"
run,solve times
3,"[[  0.        ]
 [157.19574118]
 [  0.        ]
 [  0.        ]
 [  0.        ]
 [  0.        ]]"
run,solve times
4,"[[ 0.        ]
 [56.79950809]
 [ 0.        ]
 [ 0.        ]
 [ 0.        ]
 [ 0.        ]]"
run,solve times
5,"[[ 0.        ]
 [64.46426702]
 [ 0.        ]
 [ 0.        ]
 [ 0.        ]
 [ 0.        ]]"
run,solve times
6,"[[ 0.      ]
 [64.375072]
 [ 0.      ]
 [ 0.      ]
 [ 0.      ]
 [ 0.      ]]"
run,solve times
7,"[[ 0.        ]
 [56.40527105]
 [ 0.        ]
 [ 0.        ]
 [ 0.        ]
 [ 0.        ]]"
run,solve times
8,"[[  0.        ]
 [139.90152693]
 [  0.        ]
 [  0.        ]
 [  0.        ]
 [  0.        ]]"
run,solve times
9,"[[ 0.      ]
 [86.110847]
 [ 0.      ]
 [ 0.      ]
 [ 0.      ]
 [ 0.      ]]"
run,solve times
10,"[[ 0.        ]
 [76.90092802]
 [ 0.        ]
 [ 0.        ]
 [ 0.        ]
 [ 0.        ]]"
run,solve times
11,"[[ 0.        ]
 [66.17129683]
 [ 0.        ]
 [ 0.        ]
 [ 0.        ]
 [ 0.        ]]"
run,solve times
12,"[[ 0.        ]
 [76.20465279]
 [ 0.        ]
 [ 0.        ]
 [ 0.        ]
 [ 0.        ]]"
run,solve times
13,"[[ 0.        ]
 [54.83817005]
 [ 0.        ]
 [ 0.        ]
 [ 0.        ]
 [ 0.        ]]"
run,solve times
14,"[[ 0.        ]
 [88.32651496]
 [ 0.        ]
 [ 0.        ]
 [ 0.        ]
 [ 0.        ]]"
run,solve times
15,"[[ 0.        ]
 [72.39000607]
 [ 0.        ]
 [ 0.        ]
 [ 0.        ]
 [ 0.        ]]"
run,solve times
16,"[[ 0.        ]
 [95.80956006]
 [ 0.        ]
 [ 0.        ]
 [ 0.        ]
 [ 0.        ]]"
run,solve times
17,"[[ 0.        ]
 [59.16258502]
 [ 0.        ]
 [ 0.        ]
 [ 0.        ]
 [ 0.        ]]"
run,solve times
18,"[[ 0.        ]
 [77.50906897]
 [ 0.        ]
 [ 0.        ]
 [ 0.        ]
 [ 0.        ]]"
run,solve times
19,"[[ 0.        ]
 [93.54799891]
 [ 0.        ]
 [ 0.        ]
 [ 0.        ]
 [ 0.        ]]"
run,solve times
20,"[[ 0.        ]
 [80.55535197]
 [ 0.        ]
 [ 0.        ]
 [ 0.        ]
 [ 0.        ]]"
run,solve times
21,"[[ 0.        ]
 [74.53063798]
 [ 0.        ]
 [ 0.        ]
 [ 0.        ]
 [ 0.        ]]"
run,solve times
22,"[[ 0.        ]
 [54.02844286]
 [ 0.        ]
 [ 0.        ]
 [ 0.        ]
 [ 0.        ]]"
run,solve times
23,"[[ 0.        ]
 [71.68399811]
 [ 0.        ]
 [ 0.        ]
 [ 0.        ]
 [ 0.        ]]"
run,solve times
24,"[[ 0.        ]
 [84.96397305]
 [ 0.        ]
 [ 0.        ]
 [ 0.        ]
 [ 0.        ]]"
run,solve times
25,"[[ 0.        ]
 [65.78959489]
 [ 0.        ]
 [ 0.        ]
 [ 0.        ]
 [ 0.        ]]"
run,solve times
26,"[[ 0.        ]
 [50.12845588]
 [ 0.        ]
 [ 0.        ]
 [ 0.        ]
 [ 0.        ]]"
run,solve times
27,"[[ 0.        ]
 [55.94466996]
 [ 0.        ]
 [ 0.        ]
 [ 0.        ]
 [ 0.        ]]"
run,solve times
28,"[[ 0.        ]
 [38.46910596]
 [ 0.        ]
 [ 0.        ]
 [ 0.        ]
 [ 0.        ]]"
run,solve times
29,"[[ 0.        ]
 [50.45008993]
 [ 0.        ]
 [ 0.        ]
 [ 0.        ]
 [ 0.        ]]"
run,solve times
30,"[[ 0.        ]
 [64.52822995]
 [ 0.        ]
 [ 0.        ]
 [ 0.        ]
 [ 0.        ]]"
run,solve times
31,"[[ 0.        ]
 [50.87105489]
 [ 0.        ]
 [ 0.        ]
 [ 0.        ]
 [ 0.        ]]"
run,solve times
32,"[[ 0.        ]
 [65.62730718]
 [ 0.        ]
 [ 0.        ]
 [ 0.        ]
 [ 0.        ]]"
run,solve times
33,"[[ 0.        ]
 [56.35251117]
 [ 0.        ]
 [ 0.        ]
 [ 0.        ]
 [ 0.        ]]"
run,solve times
34,"[[ 0.        ]
 [47.65404081]
 [ 0.        ]
 [ 0.        ]
 [ 0.        ]
 [ 0.        ]]"
run,solve times
35,"[[ 0.        ]
 [56.12070799]
 [ 0.        ]
 [ 0.        ]
 [ 0.        ]
 [ 0.        ]]"
run,solve times
36,"[[ 0.        ]
 [72.18906593]
 [ 0.        ]
 [ 0.        ]
 [ 0.        ]
 [ 0.        ]]"
run,solve times
37,"[[ 0.        ]
 [47.22027707]
 [ 0.        ]
 [ 0.        ]
 [ 0.        ]
 [ 0.        ]]"
run,solve times
38,"[[ 0.        ]
 [90.99709511]
 [ 0.        ]
 [ 0.        ]
 [ 0.        ]
 [ 0.        ]]"
run,solve times
39,"[[ 0.        ]
 [55.15698099]
 [ 0.        ]
 [ 0.        ]
 [ 0.        ]
 [ 0.        ]]"
run,solve times
40,"[[ 0.       ]
 [57.8631618]
 [ 0.       ]
 [ 0.       ]
 [ 0.       ]
 [ 0.       ]]"
run,solve times
41,"[[ 0.        ]
 [94.10504103]
 [ 0.        ]
 [ 0.        ]
 [ 0.        ]
 [ 0.        ]]"
run,solve times
42,"[[ 0.        ]
 [51.01327085]
 [ 0.        ]
 [ 0.        ]
 [ 0.        ]
 [ 0.        ]]"
run,solve times
43,"[[ 0.        ]
 [58.49584913]
 [ 0.        ]
 [ 0.        ]
 [ 0.        ]
 [ 0.        ]]"
run,solve times
44,"[[ 0.        ]
 [41.20264411]
 [ 0.        ]
 [ 0.        ]
 [ 0.        ]
 [ 0.        ]]"
run,solve times
45,"[[ 0.        ]
 [60.01723695]
 [ 0.        ]
 [ 0.        ]
 [ 0.        ]
 [ 0.        ]]"
run,solve times
46,"[[ 0.        ]
 [62.30005693]
 [ 0.        ]
 [ 0.        ]
 [ 0.        ]
 [ 0.        ]]"
run,solve times
47,"[[ 0.       ]
 [76.9386251]
 [ 0.       ]
 [ 0.       ]
 [ 0.       ]
 [ 0.       ]]"
run,solve times
48,"[[ 0.        ]
 [80.98168302]
 [ 0.        ]
 [ 0.        ]
 [ 0.        ]
 [ 0.        ]]"
run,solve times
49,"[[ 0.        ]
 [49.80989099]
 [ 0.        ]
 [ 0.        ]
 [ 0.        ]
 [ 0.        ]]"
